{
  "swagger": "2.0",
  "info": {
    "description": "branch_bff BFF",
    "version": "0.0.1-SNAPSHOT",
    "title": "branch_bff BFF",
    "termsOfService": "http://www.sfx.com/terms",
    "contact": {
      "name": "SFX",
      "url": "http://www.sfx.com",
      "email": "info@sfx.com"
    },
    "license": {
      "name": "Internal use only",
      "url": "http://www.sfx.com/license"
    }
  },
  "host": "internal-acb12892e52e311ea9bac0a3257c4306-550481844.ap-south-1.elb.amazonaws.com",
  "basePath": "/",
  "tags": [{
    "name": "Branch Details",
    "description": "Branch Controller"
  }],
  "paths": {
    "/secure/v1/branches/": {
      "get": {
        "tags": ["Branch Details"],
        "summary": "Get list of all the branches",
        "description": "Get a list of all Branch Details",
        "operationId": "getAllBranchesUsingGET",
        "produces": ["*/*"],
        "parameters": [{
          "name": "authorization",
          "in": "header",
          "description": "Encrypted access token",
          "required": false,
          "type": "string"
        }, {
          "name": "branchId",
          "in": "header",
          "description": "Branch Id",
          "required": false,
          "type": "string"
        }, {
          "name": "journeyId",
          "in": "header",
          "description": "Global transaction Id",
          "required": true,
          "type": "string"
        }, {
          "name": "userId",
          "in": "header",
          "description": "UserId",
          "required": true,
          "type": "string"
        }],
        "responses": {
          "200": {
            "description": "OK",
            "schema": {
              "$ref": "#/definitions/ApiResponse«BffResponse«List«BranchDTO»»»"
            }
          },
          "400": {
            "description": "Bad Request",
            "schema": {
              "$ref": "#/definitions/ApiErrorResponse"
            }
          },
          "404": {
            "description": "Not Found",
            "schema": {
              "$ref": "#/definitions/ApiErrorResponse"
            }
          },
          "405": {
            "description": "Method Not Allowed",
            "schema": {
              "$ref": "#/definitions/ApiErrorResponse"
            }
          },
          "500": {
            "description": "Internal Server Error",
            "schema": {
              "$ref": "#/definitions/ApiErrorResponse"
            }
          }
        },
        "deprecated": false
      },
      "post": {
        "tags": ["Branch Details"],
        "summary": "Create/Update Branch Details",
        "description": "Create/Update Branch Details",
        "operationId": "createOrUpdateBranchDetailsUsingPOST",
        "consumes": ["application/json"],
        "produces": ["*/*"],
        "parameters": [{
          "name": "authorization",
          "in": "header",
          "description": "Encrypted access token",
          "required": false,
          "type": "string"
        }, {
          "in": "body",
          "name": "branchDTO",
          "description": "branchDTO",
          "required": true,
          "schema": {
            "$ref": "#/definitions/BranchDTO"
          }
        }, {
          "name": "branchId",
          "in": "header",
          "description": "Branch Id",
          "required": false,
          "type": "string"
        }, {
          "name": "journeyId",
          "in": "header",
          "description": "Global transaction Id",
          "required": true,
          "type": "string"
        }, {
          "name": "userId",
          "in": "header",
          "description": "UserId",
          "required": true,
          "type": "string"
        }],
        "responses": {
          "200": {
            "description": "OK",
            "schema": {
              "$ref": "#/definitions/ApiResponse«BffResponse«BranchDTO»»"
            }
          },
          "400": {
            "description": "Bad Request",
            "schema": {
              "$ref": "#/definitions/ApiErrorResponse"
            }
          },
          "404": {
            "description": "Not Found",
            "schema": {
              "$ref": "#/definitions/ApiErrorResponse"
            }
          },
          "405": {
            "description": "Method Not Allowed",
            "schema": {
              "$ref": "#/definitions/ApiErrorResponse"
            }
          },
          "500": {
            "description": "Internal Server Error",
            "schema": {
              "$ref": "#/definitions/ApiErrorResponse"
            }
          }
        },
        "deprecated": false
      }
    },
    "/secure/v1/branches/branchCode/{branchcode}": {
      "get": {
        "tags": ["Branch Details"],
        "summary": "Get Branch Details by branchCode",
        "description": "Get Branch Details by branchCode",
        "operationId": "getBranchByCodeUsingGET",
        "produces": ["*/*"],
        "parameters": [{
          "name": "authorization",
          "in": "header",
          "description": "Encrypted access token",
          "required": false,
          "type": "string"
        }, {
          "name": "branchId",
          "in": "header",
          "description": "Branch Id",
          "required": false,
          "type": "string"
        }, {
          "name": "branchcode",
          "in": "path",
          "description": "branchcode",
          "required": true,
          "type": "string"
        }, {
          "name": "journeyId",
          "in": "header",
          "description": "Global transaction Id",
          "required": true,
          "type": "string"
        }, {
          "name": "userId",
          "in": "header",
          "description": "UserId",
          "required": true,
          "type": "string"
        }],
        "responses": {
          "200": {
            "description": "OK",
            "schema": {
              "$ref": "#/definitions/ApiResponse«BffResponse«BranchDTO»»"
            }
          },
          "400": {
            "description": "Bad Request",
            "schema": {
              "$ref": "#/definitions/ApiErrorResponse"
            }
          },
          "404": {
            "description": "Not Found",
            "schema": {
              "$ref": "#/definitions/ApiErrorResponse"
            }
          },
          "405": {
            "description": "Method Not Allowed",
            "schema": {
              "$ref": "#/definitions/ApiErrorResponse"
            }
          },
          "500": {
            "description": "Internal Server Error",
            "schema": {
              "$ref": "#/definitions/ApiErrorResponse"
            }
          }
        },
        "deprecated": false
      }
    },
    "/secure/v1/branches/branchHierarchyDetails": {
      "post": {
        "tags": ["Branch Details"],
        "summary": "Get Branch Hierarchy Details",
        "description": "Get a list of all Branch Hierarchy Details",
        "operationId": "getBranchHierarchyDetailsUsingPOST",
        "consumes": ["application/json"],
        "produces": ["*/*"],
        "parameters": [{
          "name": "authorization",
          "in": "header",
          "description": "Encrypted access token",
          "required": false,
          "type": "string"
        }, {
          "name": "branchId",
          "in": "header",
          "description": "Branch Id",
          "required": false,
          "type": "string"
        }, {
          "in": "body",
          "name": "branchList",
          "description": "branchList",
          "required": true,
          "schema": {
            "type": "array",
            "items": {
              "$ref": "#/definitions/UserBranchMappingDTO"
            }
          }
        }, {
          "name": "journeyId",
          "in": "header",
          "description": "Global transaction Id",
          "required": true,
          "type": "string"
        }, {
          "name": "userId",
          "in": "header",
          "description": "UserId",
          "required": true,
          "type": "string"
        }],
        "responses": {
          "200": {
            "description": "OK",
            "schema": {
              "$ref": "#/definitions/ApiResponse«BffResponse«HierarchyBranchListDTO»»"
            }
          },
          "400": {
            "description": "Bad Request",
            "schema": {
              "$ref": "#/definitions/ApiErrorResponse"
            }
          },
          "404": {
            "description": "Not Found",
            "schema": {
              "$ref": "#/definitions/ApiErrorResponse"
            }
          },
          "405": {
            "description": "Method Not Allowed",
            "schema": {
              "$ref": "#/definitions/ApiErrorResponse"
            }
          },
          "500": {
            "description": "Internal Server Error",
            "schema": {
              "$ref": "#/definitions/ApiErrorResponse"
            }
          }
        },
        "deprecated": false
      }
    },
    "/secure/v1/branches/branchId": {
      "post": {
        "tags": ["Branch Details"],
        "summary": "Get list of branches as per branch id's",
        "description": "Get list of branches as per branch id's",
        "operationId": "getAllBranchesByIdUsingPOST",
        "consumes": ["application/json"],
        "produces": ["*/*"],
        "parameters": [{
          "name": "authorization",
          "in": "header",
          "description": "Encrypted access token",
          "required": false,
          "type": "string"
        }, {
          "name": "branchId",
          "in": "header",
          "description": "Branch Id",
          "required": false,
          "type": "string"
        }, {
          "in": "body",
          "name": "branchIds",
          "description": "branchIds",
          "required": true,
          "schema": {
            "type": "array",
            "items": {
              "type": "integer",
              "format": "int32"
            }
          }
        }, {
          "name": "journeyId",
          "in": "header",
          "description": "Global transaction Id",
          "required": true,
          "type": "string"
        }, {
          "name": "userId",
          "in": "header",
          "description": "UserId",
          "required": true,
          "type": "string"
        }],
        "responses": {
          "200": {
            "description": "OK",
            "schema": {
              "$ref": "#/definitions/ApiResponse«BffResponse«List«BranchDTO»»»"
            }
          },
          "400": {
            "description": "Bad Request",
            "schema": {
              "$ref": "#/definitions/ApiErrorResponse"
            }
          },
          "404": {
            "description": "Not Found",
            "schema": {
              "$ref": "#/definitions/ApiErrorResponse"
            }
          },
          "405": {
            "description": "Method Not Allowed",
            "schema": {
              "$ref": "#/definitions/ApiErrorResponse"
            }
          },
          "500": {
            "description": "Internal Server Error",
            "schema": {
              "$ref": "#/definitions/ApiErrorResponse"
            }
          }
        },
        "deprecated": false
      }
    },
    "/secure/v1/branches/branchId/{id}": {
      "get": {
        "tags": ["Branch Details"],
        "summary": "Fetch Branch Details",
        "description": "Fetch Branch Details",
        "operationId": "fetchBranchDetailsUsingGET",
        "produces": ["*/*"],
        "parameters": [{
          "name": "authorization",
          "in": "header",
          "description": "Encrypted access token",
          "required": false,
          "type": "string"
        }, {
          "name": "branchId",
          "in": "header",
          "description": "Branch Id",
          "required": false,
          "type": "string"
        }, {
          "name": "id",
          "in": "path",
          "description": "Branch Id to be inserted",
          "required": true,
          "type": "integer",
          "format": "int32"
        }, {
          "name": "journeyId",
          "in": "header",
          "description": "Global transaction Id",
          "required": true,
          "type": "string"
        }, {
          "name": "userId",
          "in": "header",
          "description": "UserId",
          "required": true,
          "type": "string"
        }],
        "responses": {
          "200": {
            "description": "OK",
            "schema": {
              "$ref": "#/definitions/ApiResponse«BffResponse«BranchDTO»»"
            }
          },
          "400": {
            "description": "Bad Request",
            "schema": {
              "$ref": "#/definitions/ApiErrorResponse"
            }
          },
          "404": {
            "description": "Not Found",
            "schema": {
              "$ref": "#/definitions/ApiErrorResponse"
            }
          },
          "405": {
            "description": "Method Not Allowed",
            "schema": {
              "$ref": "#/definitions/ApiErrorResponse"
            }
          },
          "500": {
            "description": "Internal Server Error",
            "schema": {
              "$ref": "#/definitions/ApiErrorResponse"
            }
          }
        },
        "deprecated": false
      }
    },
    "/secure/v1/branches/branchTypes": {
      "get": {
        "tags": ["Branch Details"],
        "summary": "Get list of all types of branches",
        "description": "Get list of all types of branches",
        "operationId": "getBranchesTypesUsingGET",
        "produces": ["*/*"],
        "parameters": [{
          "name": "authorization",
          "in": "header",
          "description": "Encrypted access token",
          "required": false,
          "type": "string"
        }, {
          "name": "branchId",
          "in": "header",
          "description": "Branch Id",
          "required": false,
          "type": "string"
        }, {
          "name": "journeyId",
          "in": "header",
          "description": "Global transaction Id",
          "required": true,
          "type": "string"
        }, {
          "name": "userId",
          "in": "header",
          "description": "UserId",
          "required": true,
          "type": "string"
        }],
        "responses": {
          "200": {
            "description": "OK",
            "schema": {
              "$ref": "#/definitions/ApiResponse«BffResponse«List«BranchTypeDTO»»»"
            }
          },
          "400": {
            "description": "Bad Request",
            "schema": {
              "$ref": "#/definitions/ApiErrorResponse"
            }
          },
          "404": {
            "description": "Not Found",
            "schema": {
              "$ref": "#/definitions/ApiErrorResponse"
            }
          },
          "405": {
            "description": "Method Not Allowed",
            "schema": {
              "$ref": "#/definitions/ApiErrorResponse"
            }
          },
          "500": {
            "description": "Internal Server Error",
            "schema": {
              "$ref": "#/definitions/ApiErrorResponse"
            }
          }
        },
        "deprecated": false
      }
    },
    "/secure/v1/branches/features": {
      "post": {
        "tags": ["Branch Details"],
        "summary": "Create/Update Branch features list",
        "description": "Create/Update Branch features list",
        "operationId": "createOrUpdateBranchFeatureUsingPOST",
        "consumes": ["application/json"],
        "produces": ["*/*"],
        "parameters": [{
          "name": "authorization",
          "in": "header",
          "description": "Encrypted access token",
          "required": false,
          "type": "string"
        }, {
          "in": "body",
          "name": "branchFeatureDTO",
          "description": "branchFeatureDTO",
          "required": true,
          "schema": {
            "type": "array",
            "items": {
              "$ref": "#/definitions/BranchFeatureDTO"
            }
          }
        }, {
          "name": "branchId",
          "in": "header",
          "description": "Branch Id",
          "required": false,
          "type": "string"
        }, {
          "name": "journeyId",
          "in": "header",
          "description": "Global transaction Id",
          "required": true,
          "type": "string"
        }, {
          "name": "userId",
          "in": "header",
          "description": "UserId",
          "required": true,
          "type": "string"
        }],
        "responses": {
          "200": {
            "description": "OK",
            "schema": {
              "$ref": "#/definitions/ApiResponse«BffResponse«List«BranchFeatureDTO»»»"
            }
          },
          "400": {
            "description": "Bad Request",
            "schema": {
              "$ref": "#/definitions/ApiErrorResponse"
            }
          },
          "404": {
            "description": "Not Found",
            "schema": {
              "$ref": "#/definitions/ApiErrorResponse"
            }
          },
          "405": {
            "description": "Method Not Allowed",
            "schema": {
              "$ref": "#/definitions/ApiErrorResponse"
            }
          },
          "500": {
            "description": "Internal Server Error",
            "schema": {
              "$ref": "#/definitions/ApiErrorResponse"
            }
          }
        },
        "deprecated": false
      }
    },
    "/secure/v1/branches/lastUpdated/{lastNBranches}": {
      "get": {
        "tags": ["Branch Details"],
        "summary": "Get the list of latest N branches based on input number",
        "description": "Get a list of latest N Branches",
        "operationId": "getNLastCreatedBranchesUsingGET",
        "produces": ["*/*"],
        "parameters": [{
          "name": "authorization",
          "in": "header",
          "description": "Encrypted access token",
          "required": false,
          "type": "string"
        }, {
          "name": "branchId",
          "in": "header",
          "description": "Branch Id",
          "required": false,
          "type": "string"
        }, {
          "name": "journeyId",
          "in": "header",
          "description": "Global transaction Id",
          "required": true,
          "type": "string"
        }, {
          "name": "lastNBranches",
          "in": "path",
          "description": "lastNBranches",
          "required": true,
          "type": "integer",
          "format": "int32"
        }, {
          "name": "userId",
          "in": "header",
          "description": "UserId",
          "required": true,
          "type": "string"
        }],
        "responses": {
          "200": {
            "description": "OK",
            "schema": {
              "$ref": "#/definitions/ApiResponse«BffResponse«List«BranchDTO»»»"
            }
          },
          "400": {
            "description": "Bad Request",
            "schema": {
              "$ref": "#/definitions/ApiErrorResponse"
            }
          },
          "404": {
            "description": "Not Found",
            "schema": {
              "$ref": "#/definitions/ApiErrorResponse"
            }
          },
          "405": {
            "description": "Method Not Allowed",
            "schema": {
              "$ref": "#/definitions/ApiErrorResponse"
            }
          },
          "500": {
            "description": "Internal Server Error",
            "schema": {
              "$ref": "#/definitions/ApiErrorResponse"
            }
          }
        },
        "deprecated": false
      }
    },
    "/secure/v1/branches/load": {
      "get": {
        "tags": ["Branch Details"],
        "summary": "Get list of all types of branches",
        "description": "Get list of all types of branches",
        "operationId": "loadBranchDataUsingGET",
        "produces": ["*/*"],
        "parameters": [{
          "name": "authorization",
          "in": "header",
          "description": "Encrypted access token",
          "required": false,
          "type": "string"
        }, {
          "name": "branchId",
          "in": "header",
          "description": "Branch Id",
          "required": false,
          "type": "string"
        }, {
          "name": "journeyId",
          "in": "header",
          "description": "Global transaction Id",
          "required": true,
          "type": "string"
        }, {
          "name": "userId",
          "in": "header",
          "description": "UserId",
          "required": true,
          "type": "string"
        }],
        "responses": {
          "200": {
            "description": "OK",
            "schema": {
              "$ref": "#/definitions/ApiResponse«BffResponse«BranchReferenceDTO»»"
            }
          },
          "400": {
            "description": "Bad Request",
            "schema": {
              "$ref": "#/definitions/ApiErrorResponse"
            }
          },
          "404": {
            "description": "Not Found",
            "schema": {
              "$ref": "#/definitions/ApiErrorResponse"
            }
          },
          "405": {
            "description": "Method Not Allowed",
            "schema": {
              "$ref": "#/definitions/ApiErrorResponse"
            }
          },
          "500": {
            "description": "Internal Server Error",
            "schema": {
              "$ref": "#/definitions/ApiErrorResponse"
            }
          }
        },
        "deprecated": false
      }
    },
    "/secure/v1/branches/load/pinmapping": {
      "get": {
        "tags": ["Branch Details"],
        "summary": "Get list of all types of branches",
        "description": "Get list of all types of branches",
        "operationId": "loadBranchPinmappingDataUsingGET",
        "produces": ["*/*"],
        "parameters": [{
          "name": "authorization",
          "in": "header",
          "description": "Encrypted access token",
          "required": false,
          "type": "string"
        }, {
          "name": "branchId",
          "in": "header",
          "description": "Branch Id",
          "required": false,
          "type": "string"
        }, {
          "name": "journeyId",
          "in": "header",
          "description": "Global transaction Id",
          "required": true,
          "type": "string"
        }, {
          "name": "userId",
          "in": "header",
          "description": "UserId",
          "required": true,
          "type": "string"
        }],
        "responses": {
          "200": {
            "description": "OK",
            "schema": {
              "$ref": "#/definitions/ApiResponse«BffResponse«BranchPinmappingReferenceDTO»»"
            }
          },
          "400": {
            "description": "Bad Request",
            "schema": {
              "$ref": "#/definitions/ApiErrorResponse"
            }
          },
          "404": {
            "description": "Not Found",
            "schema": {
              "$ref": "#/definitions/ApiErrorResponse"
            }
          },
          "405": {
            "description": "Method Not Allowed",
            "schema": {
              "$ref": "#/definitions/ApiErrorResponse"
            }
          },
          "500": {
            "description": "Internal Server Error",
            "schema": {
              "$ref": "#/definitions/ApiErrorResponse"
            }
          }
        },
        "deprecated": false
      }
    },
    "/secure/v1/branches/pincodemapping": {
      "post": {
        "tags": ["Branch Details"],
        "summary": "Create/Update Branch Pincode Mapping",
        "description": "Create/Update Branch Pincode Mapping\t",
        "operationId": "createOrUpdateBranchPincodeMappingUsingPOST",
        "consumes": ["application/json"],
        "produces": ["*/*"],
        "parameters": [{
          "name": "authorization",
          "in": "header",
          "description": "Encrypted access token",
          "required": false,
          "type": "string"
        }, {
          "name": "branchId",
          "in": "header",
          "description": "Branch Id",
          "required": false,
          "type": "string"
        }, {
          "in": "body",
          "name": "branchPincodeMappingDTO",
          "description": "branchPincodeMappingDTO",
          "required": true,
          "schema": {
            "$ref": "#/definitions/BranchPincodeMappingDTO"
          }
        }, {
          "name": "journeyId",
          "in": "header",
          "description": "Global transaction Id",
          "required": true,
          "type": "string"
        }, {
          "name": "userId",
          "in": "header",
          "description": "UserId",
          "required": true,
          "type": "string"
        }],
        "responses": {
          "200": {
            "description": "OK",
            "schema": {
              "$ref": "#/definitions/ApiResponse«BffResponse«List«object»»»"
            }
          },
          "400": {
            "description": "Bad Request",
            "schema": {
              "$ref": "#/definitions/ApiErrorResponse"
            }
          },
          "404": {
            "description": "Not Found",
            "schema": {
              "$ref": "#/definitions/ApiErrorResponse"
            }
          },
          "405": {
            "description": "Method Not Allowed",
            "schema": {
              "$ref": "#/definitions/ApiErrorResponse"
            }
          },
          "500": {
            "description": "Internal Server Error",
            "schema": {
              "$ref": "#/definitions/ApiErrorResponse"
            }
          }
        },
        "deprecated": false
      }
    },
    "/secure/v1/branches/recent": {
      "get": {
        "tags": ["Branch Details"],
        "summary": "Get list of recently updated branches",
        "description": "Get list of recently updated branches",
        "operationId": "getRecentlyUpdatedBranchesUsingGET",
        "produces": ["*/*"],
        "parameters": [{
          "name": "authorization",
          "in": "header",
          "description": "Encrypted access token",
          "required": false,
          "type": "string"
        }, {
          "name": "branchId",
          "in": "header",
          "description": "Branch Id",
          "required": false,
          "type": "string"
        }, {
          "name": "journeyId",
          "in": "header",
          "description": "Global transaction Id",
          "required": true,
          "type": "string"
        }, {
          "name": "userId",
          "in": "header",
          "description": "UserId",
          "required": true,
          "type": "string"
        }],
        "responses": {
          "200": {
            "description": "OK",
            "schema": {
              "$ref": "#/definitions/ApiResponse«BffResponse«List«BranchDTO»»»"
            }
          },
          "400": {
            "description": "Bad Request",
            "schema": {
              "$ref": "#/definitions/ApiErrorResponse"
            }
          },
          "404": {
            "description": "Not Found",
            "schema": {
              "$ref": "#/definitions/ApiErrorResponse"
            }
          },
          "405": {
            "description": "Method Not Allowed",
            "schema": {
              "$ref": "#/definitions/ApiErrorResponse"
            }
          },
          "500": {
            "description": "Internal Server Error",
            "schema": {
              "$ref": "#/definitions/ApiErrorResponse"
            }
          }
        },
        "deprecated": false
      }
    },
    "/secure/v1/branches/slabs": {
      "post": {
        "tags": ["Branch Details"],
        "summary": "Create/Update Slab Master",
        "description": "Create/Update Slab Master",
        "operationId": "createOrUpdateSlabMasterUsingPOST",
        "consumes": ["application/json"],
        "produces": ["*/*"],
        "parameters": [{
          "name": "authorization",
          "in": "header",
          "description": "Encrypted access token",
          "required": false,
          "type": "string"
        }, {
          "name": "branchId",
          "in": "header",
          "description": "Branch Id",
          "required": false,
          "type": "string"
        }, {
          "name": "journeyId",
          "in": "header",
          "description": "Global transaction Id",
          "required": true,
          "type": "string"
        }, {
          "in": "body",
          "name": "slabDTO",
          "description": "slabDTO",
          "required": true,
          "schema": {
            "$ref": "#/definitions/SlabDTO"
          }
        }, {
          "name": "userId",
          "in": "header",
          "description": "UserId",
          "required": true,
          "type": "string"
        }],
        "responses": {
          "200": {
            "description": "OK",
            "schema": {
              "$ref": "#/definitions/ApiResponse«BffResponse«SlabDTO»»"
            }
          },
          "400": {
            "description": "Bad Request",
            "schema": {
              "$ref": "#/definitions/ApiErrorResponse"
            }
          },
          "404": {
            "description": "Not Found",
            "schema": {
              "$ref": "#/definitions/ApiErrorResponse"
            }
          },
          "405": {
            "description": "Method Not Allowed",
            "schema": {
              "$ref": "#/definitions/ApiErrorResponse"
            }
          },
          "500": {
            "description": "Internal Server Error",
            "schema": {
              "$ref": "#/definitions/ApiErrorResponse"
            }
          }
        },
        "deprecated": false
      }
    },
    "/secure/v1/branches/types": {
      "get": {
        "tags": ["Branch Details"],
        "summary": "Get list of all types of branches",
        "description": "Get list of all types of branches",
        "operationId": "getAllBranchesTypesUsingGET",
        "produces": ["*/*"],
        "parameters": [{
          "name": "authorization",
          "in": "header",
          "description": "Encrypted access token",
          "required": false,
          "type": "string"
        }, {
          "name": "branchId",
          "in": "header",
          "description": "Branch Id",
          "required": false,
          "type": "string"
        }, {
          "name": "journeyId",
          "in": "header",
          "description": "Global transaction Id",
          "required": true,
          "type": "string"
        }, {
          "name": "userId",
          "in": "header",
          "description": "UserId",
          "required": true,
          "type": "string"
        }],
        "responses": {
          "200": {
            "description": "OK",
            "schema": {
              "$ref": "#/definitions/ApiResponse«BffResponse«List«string»»»"
            }
          },
          "400": {
            "description": "Bad Request",
            "schema": {
              "$ref": "#/definitions/ApiErrorResponse"
            }
          },
          "404": {
            "description": "Not Found",
            "schema": {
              "$ref": "#/definitions/ApiErrorResponse"
            }
          },
          "405": {
            "description": "Method Not Allowed",
            "schema": {
              "$ref": "#/definitions/ApiErrorResponse"
            }
          },
          "500": {
            "description": "Internal Server Error",
            "schema": {
              "$ref": "#/definitions/ApiErrorResponse"
            }
          }
        },
        "deprecated": false
      }
    },
    "/secure/v1/branches/{branchName}": {
      "get": {
        "tags": ["Branch Details"],
        "summary": "Get list of branches with wildSearch",
        "description": "Get list of branches with wildSearch",
        "operationId": "getAllBranchesWithBranchNameAndFeatureUsingGET",
        "produces": ["*/*"],
        "parameters": [{
          "name": "authorization",
          "in": "header",
          "description": "Encrypted access token",
          "required": false,
          "type": "string"
        }, {
          "name": "branchId",
          "in": "header",
          "description": "Branch Id",
          "required": false,
          "type": "string"
        }, {
          "name": "branchName",
          "in": "path",
          "description": "branchName",
          "required": true,
          "type": "string"
        }, {
          "name": "featureName",
          "in": "query",
          "description": "featureName",
          "required": false,
          "type": "string"
        }, {
          "name": "journeyId",
          "in": "header",
          "description": "Global transaction Id",
          "required": true,
          "type": "string"
        }, {
          "name": "userId",
          "in": "header",
          "description": "UserId",
          "required": true,
          "type": "string"
        }],
        "responses": {
          "200": {
            "description": "OK",
            "schema": {
              "$ref": "#/definitions/ApiResponse«BffResponse«List«BranchDTO»»»"
            }
          },
          "400": {
            "description": "Bad Request",
            "schema": {
              "$ref": "#/definitions/ApiErrorResponse"
            }
          },
          "404": {
            "description": "Not Found",
            "schema": {
              "$ref": "#/definitions/ApiErrorResponse"
            }
          },
          "405": {
            "description": "Method Not Allowed",
            "schema": {
              "$ref": "#/definitions/ApiErrorResponse"
            }
          },
          "500": {
            "description": "Internal Server Error",
            "schema": {
              "$ref": "#/definitions/ApiErrorResponse"
            }
          }
        },
        "deprecated": false
      }
    },
    "/secure/v1/branches/{searchCriteria}/{criteriaValue}": {
      "get": {
        "tags": ["Branch Details"],
        "summary": "Get Branch Details by search criteria",
        "description": "Search criteria is the key for search : areaId, regionId, pincode, branchtype",
        "operationId": "getBranchDetailsByCriteriaUsingGET",
        "produces": ["*/*"],
        "parameters": [{
          "name": "authorization",
          "in": "header",
          "description": "Encrypted access token",
          "required": false,
          "type": "string"
        }, {
          "name": "branchId",
          "in": "header",
          "description": "Branch Id",
          "required": false,
          "type": "string"
        }, {
          "name": "criteriaValue",
          "in": "path",
          "description": "CriteriaValue for areaID, regionId should be a Number/Integer",
          "required": false,
          "type": "string"
        }, {
          "name": "journeyId",
          "in": "header",
          "description": "Global transaction Id",
          "required": true,
          "type": "string"
        }, {
          "name": "searchCriteria",
          "in": "path",
          "description": "searchCriteria",
          "required": true,
          "type": "string"
        }, {
          "name": "userId",
          "in": "header",
          "description": "UserId",
          "required": true,
          "type": "string"
        }],
        "responses": {
          "200": {
            "description": "OK",
            "schema": {
              "$ref": "#/definitions/ApiResponse«BffResponse«List«BranchDTO»»»"
            }
          },
          "400": {
            "description": "Bad Request",
            "schema": {
              "$ref": "#/definitions/ApiErrorResponse"
            }
          },
          "404": {
            "description": "Not Found",
            "schema": {
              "$ref": "#/definitions/ApiErrorResponse"
            }
          },
          "405": {
            "description": "Method Not Allowed",
            "schema": {
              "$ref": "#/definitions/ApiErrorResponse"
            }
          },
          "500": {
            "description": "Internal Server Error",
            "schema": {
              "$ref": "#/definitions/ApiErrorResponse"
            }
          }
        },
        "deprecated": false
      }
    }
  },
  "definitions": {
    "ApiErrorResponse": {
      "type": "object",
      "properties": {
        "message": {
          "type": "string",
          "description": "message for the response"
        },
        "status": {
          "type": "string",
          "description": "status of response",
          "enum": ["SUCCESS", "FAILURE", "PARTIAL"]
        },
        "data": {
          "type": "object",
          "description": "response data. It may be missing in case of any error"
        },
        "errors": {
          "description": "error messages if any",
          "$ref": "#/definitions/ErrorResponse"
        }
      },
      "title": "ApiErrorResponse"
    },
    "ApiResponse«BffResponse«BranchDTO»»": {
      "type": "object",
      "properties": {
        "message": {
          "type": "string",
          "description": "message for the response"
        },
        "status": {
          "type": "string",
          "description": "status of response",
          "enum": ["SUCCESS", "FAILURE", "PARTIAL"]
        },
        "data": {
          "description": "response data. It may be missing in case of any error",
          "$ref": "#/definitions/BffResponse«BranchDTO»"
        },
        "errors": {
          "description": "error messages if any",
          "$ref": "#/definitions/ErrorResponse"
        }
      },
      "title": "ApiResponse«BffResponse«BranchDTO»»"
    },
    "ApiResponse«BffResponse«BranchPinmappingReferenceDTO»»": {
      "type": "object",
      "properties": {
        "message": {
          "type": "string",
          "description": "message for the response"
        },
        "status": {
          "type": "string",
          "description": "status of response",
          "enum": ["SUCCESS", "FAILURE", "PARTIAL"]
        },
        "data": {
          "description": "response data. It may be missing in case of any error",
          "$ref": "#/definitions/BffResponse«BranchPinmappingReferenceDTO»"
        },
        "errors": {
          "description": "error messages if any",
          "$ref": "#/definitions/ErrorResponse"
        }
      },
      "title": "ApiResponse«BffResponse«BranchPinmappingReferenceDTO»»"
    },
    "ApiResponse«BffResponse«BranchReferenceDTO»»": {
      "type": "object",
      "properties": {
        "message": {
          "type": "string",
          "description": "message for the response"
        },
        "status": {
          "type": "string",
          "description": "status of response",
          "enum": ["SUCCESS", "FAILURE", "PARTIAL"]
        },
        "data": {
          "description": "response data. It may be missing in case of any error",
          "$ref": "#/definitions/BffResponse«BranchReferenceDTO»"
        },
        "errors": {
          "description": "error messages if any",
          "$ref": "#/definitions/ErrorResponse"
        }
      },
      "title": "ApiResponse«BffResponse«BranchReferenceDTO»»"
    },
    "ApiResponse«BffResponse«HierarchyBranchListDTO»»": {
      "type": "object",
      "properties": {
        "message": {
          "type": "string",
          "description": "message for the response"
        },
        "status": {
          "type": "string",
          "description": "status of response",
          "enum": ["SUCCESS", "FAILURE", "PARTIAL"]
        },
        "data": {
          "description": "response data. It may be missing in case of any error",
          "$ref": "#/definitions/BffResponse«HierarchyBranchListDTO»"
        },
        "errors": {
          "description": "error messages if any",
          "$ref": "#/definitions/ErrorResponse"
        }
      },
      "title": "ApiResponse«BffResponse«HierarchyBranchListDTO»»"
    },
    "ApiResponse«BffResponse«List«BranchDTO»»»": {
      "type": "object",
      "properties": {
        "message": {
          "type": "string",
          "description": "message for the response"
        },
        "status": {
          "type": "string",
          "description": "status of response",
          "enum": ["SUCCESS", "FAILURE", "PARTIAL"]
        },
        "data": {
          "description": "response data. It may be missing in case of any error",
          "$ref": "#/definitions/BffResponse«List«BranchDTO»»"
        },
        "errors": {
          "description": "error messages if any",
          "$ref": "#/definitions/ErrorResponse"
        }
      },
      "title": "ApiResponse«BffResponse«List«BranchDTO»»»"
    },
    "ApiResponse«BffResponse«List«BranchFeatureDTO»»»": {
      "type": "object",
      "properties": {
        "message": {
          "type": "string",
          "description": "message for the response"
        },
        "status": {
          "type": "string",
          "description": "status of response",
          "enum": ["SUCCESS", "FAILURE", "PARTIAL"]
        },
        "data": {
          "description": "response data. It may be missing in case of any error",
          "$ref": "#/definitions/BffResponse«List«BranchFeatureDTO»»"
        },
        "errors": {
          "description": "error messages if any",
          "$ref": "#/definitions/ErrorResponse"
        }
      },
      "title": "ApiResponse«BffResponse«List«BranchFeatureDTO»»»"
    },
    "ApiResponse«BffResponse«List«BranchTypeDTO»»»": {
      "type": "object",
      "properties": {
        "message": {
          "type": "string",
          "description": "message for the response"
        },
        "status": {
          "type": "string",
          "description": "status of response",
          "enum": ["SUCCESS", "FAILURE", "PARTIAL"]
        },
        "data": {
          "description": "response data. It may be missing in case of any error",
          "$ref": "#/definitions/BffResponse«List«BranchTypeDTO»»"
        },
        "errors": {
          "description": "error messages if any",
          "$ref": "#/definitions/ErrorResponse"
        }
      },
      "title": "ApiResponse«BffResponse«List«BranchTypeDTO»»»"
    },
    "ApiResponse«BffResponse«List«object»»»": {
      "type": "object",
      "properties": {
        "message": {
          "type": "string",
          "description": "message for the response"
        },
        "status": {
          "type": "string",
          "description": "status of response",
          "enum": ["SUCCESS", "FAILURE", "PARTIAL"]
        },
        "data": {
          "description": "response data. It may be missing in case of any error",
          "$ref": "#/definitions/BffResponse«List«object»»"
        },
        "errors": {
          "description": "error messages if any",
          "$ref": "#/definitions/ErrorResponse"
        }
      },
      "title": "ApiResponse«BffResponse«List«object»»»"
    },
    "ApiResponse«BffResponse«List«string»»»": {
      "type": "object",
      "properties": {
        "message": {
          "type": "string",
          "description": "message for the response"
        },
        "status": {
          "type": "string",
          "description": "status of response",
          "enum": ["SUCCESS", "FAILURE", "PARTIAL"]
        },
        "data": {
          "description": "response data. It may be missing in case of any error",
          "$ref": "#/definitions/BffResponse«List«string»»"
        },
        "errors": {
          "description": "error messages if any",
          "$ref": "#/definitions/ErrorResponse"
        }
      },
      "title": "ApiResponse«BffResponse«List«string»»»"
    },
    "ApiResponse«BffResponse«SlabDTO»»": {
      "type": "object",
      "properties": {
        "message": {
          "type": "string",
          "description": "message for the response"
        },
        "status": {
          "type": "string",
          "description": "status of response",
          "enum": ["SUCCESS", "FAILURE", "PARTIAL"]
        },
        "data": {
          "description": "response data. It may be missing in case of any error",
          "$ref": "#/definitions/BffResponse«SlabDTO»"
        },
        "errors": {
          "description": "error messages if any",
          "$ref": "#/definitions/ErrorResponse"
        }
      },
      "title": "ApiResponse«BffResponse«SlabDTO»»"
    },
    "BffResponse«BranchDTO»": {
      "type": "object",
      "properties": {
        "referenceData": {
          "$ref": "#/definitions/ReferenceData"
        },
        "responseData": {
          "$ref": "#/definitions/BranchDTO"
        }
      },
      "title": "BffResponse«BranchDTO»"
    },
    "BffResponse«BranchPinmappingReferenceDTO»": {
      "type": "object",
      "properties": {
        "referenceData": {
          "$ref": "#/definitions/ReferenceData"
        },
        "responseData": {
          "$ref": "#/definitions/BranchPinmappingReferenceDTO"
        }
      },
      "title": "BffResponse«BranchPinmappingReferenceDTO»"
    },
    "BffResponse«BranchReferenceDTO»": {
      "type": "object",
      "properties": {
        "referenceData": {
          "$ref": "#/definitions/ReferenceData"
        },
        "responseData": {
          "$ref": "#/definitions/BranchReferenceDTO"
        }
      },
      "title": "BffResponse«BranchReferenceDTO»"
    },
    "BffResponse«HierarchyBranchListDTO»": {
      "type": "object",
      "properties": {
        "referenceData": {
          "$ref": "#/definitions/ReferenceData"
        },
        "responseData": {
          "$ref": "#/definitions/HierarchyBranchListDTO"
        }
      },
      "title": "BffResponse«HierarchyBranchListDTO»"
    },
    "BffResponse«List«BranchDTO»»": {
      "type": "object",
      "properties": {
        "referenceData": {
          "$ref": "#/definitions/ReferenceData"
        },
        "responseData": {
          "type": "array",
          "items": {
            "$ref": "#/definitions/BranchDTO"
          }
        }
      },
      "title": "BffResponse«List«BranchDTO»»"
    },
    "BffResponse«List«BranchFeatureDTO»»": {
      "type": "object",
      "properties": {
        "referenceData": {
          "$ref": "#/definitions/ReferenceData"
        },
        "responseData": {
          "type": "array",
          "items": {
            "$ref": "#/definitions/BranchFeatureDTO"
          }
        }
      },
      "title": "BffResponse«List«BranchFeatureDTO»»"
    },
    "BffResponse«List«BranchTypeDTO»»": {
      "type": "object",
      "properties": {
        "referenceData": {
          "$ref": "#/definitions/ReferenceData"
        },
        "responseData": {
          "type": "array",
          "items": {
            "$ref": "#/definitions/BranchTypeDTO"
          }
        }
      },
      "title": "BffResponse«List«BranchTypeDTO»»"
    },
    "BffResponse«List«object»»": {
      "type": "object",
      "properties": {
        "referenceData": {
          "$ref": "#/definitions/ReferenceData"
        },
        "responseData": {
          "type": "array",
          "items": {
            "type": "object"
          }
        }
      },
      "title": "BffResponse«List«object»»"
    },
    "BffResponse«List«string»»": {
      "type": "object",
      "properties": {
        "referenceData": {
          "$ref": "#/definitions/ReferenceData"
        },
        "responseData": {
          "type": "array",
          "items": {
            "type": "string"
          }
        }
      },
      "title": "BffResponse«List«string»»"
    },
    "BffResponse«SlabDTO»": {
      "type": "object",
      "properties": {
        "referenceData": {
          "$ref": "#/definitions/ReferenceData"
        },
        "responseData": {
          "$ref": "#/definitions/SlabDTO"
        }
      },
      "title": "BffResponse«SlabDTO»"
    },
    "BookingBranchPinMapDTO": {
      "type": "object",
      "properties": {
        "id": {
          "type": "integer",
          "format": "int32"
        },
        "pincodes": {
          "type": "array",
          "items": {
            "type": "integer",
            "format": "int32"
          }
        },
        "primaryBranchId": {
          "type": "integer",
          "format": "int32"
        },
        "secondaryBranchIds": {
          "type": "array",
          "items": {
            "type": "integer",
            "format": "int32"
          }
        },
        "status": {
          "type": "integer",
          "format": "int32"
        }
      },
      "title": "BookingBranchPinMapDTO"
    },
    "BranchDTO": {
      "type": "object",
      "properties": {
        "address": {
          "type": "string"
        },
        "bankAccNumOffline": {
          "type": "string"
        },
        "bankAccNumOnline": {
          "type": "string"
        },
        "branchCode": {
          "type": "string"
        },
        "branchFeatureMaps": {
          "type": "array",
          "items": {
            "$ref": "#/definitions/BranchFeatureMapDTO"
          }
        },
        "branchId": {
          "type": "integer",
          "format": "int64"
        },
        "branchManagers": {
          "type": "array",
          "items": {
            "$ref": "#/definitions/BranchManagerDTO"
          }
        },
        "branchModeOfPayments": {
          "type": "array",
          "items": {
            "$ref": "#/definitions/BranchMopDTO"
          }
        },
        "branchName": {
          "type": "string"
        },
        "branchTypeId": {
          "type": "integer",
          "format": "int32"
        },
        "cutoffTime": {
          "type": "string",
          "example": "HH:MM:SS"
        },
        "descr": {
          "type": "string"
        },
        "effectiveDate": {
          "type": "string",
          "example": "dd-MM-yyyy"
        },
        "email": {
          "type": "string"
        },
        "expiryDate": {
          "type": "string",
          "example": "dd-MM-yyyy"
        },
        "lagTime": {
          "type": "integer",
          "format": "int32"
        },
        "lkpBranchRatingId": {
          "type": "integer",
          "format": "int32"
        },
        "mobile": {
          "type": "string"
        },
        "operationalBranchId": {
          "type": "integer",
          "format": "int32"
        },
        "organisationId": {
          "type": "integer",
          "format": "int32"
        },
        "phone": {
          "type": "string"
        },
        "pincodeId": {
          "type": "integer",
          "format": "int32"
        },
        "preBookingLagTimeFlag": {
          "type": "integer",
          "format": "int32"
        },
        "propelRefId": {
          "type": "integer",
          "format": "int64"
        },
        "regionBranch": {
          "type": "string"
        },
        "reportingBranchId": {
          "type": "integer",
          "format": "int32"
        },
        "status": {
          "type": "integer",
          "format": "int32"
        }
      },
      "title": "BranchDTO"
    },
    "BranchFeatureDTO": {
      "type": "object",
      "properties": {
        "branchFeature": {
          "type": "string"
        },
        "id": {
          "type": "integer",
          "format": "int32"
        },
        "status": {
          "type": "integer",
          "format": "int32"
        }
      },
      "title": "BranchFeatureDTO"
    },
    "BranchFeatureMapDTO": {
      "type": "object",
      "properties": {
        "branchFeatureId": {
          "type": "integer",
          "format": "int32"
        },
        "id": {
          "type": "integer",
          "format": "int32"
        },
        "isSlabFlag": {
          "type": "integer",
          "format": "int32"
        },
        "propelRefId": {
          "type": "integer",
          "format": "int64"
        },
        "slabId": {
          "type": "integer",
          "format": "int32"
        },
        "status": {
          "type": "integer",
          "format": "int32"
        }
      },
      "title": "BranchFeatureMapDTO"
    },
    "BranchHierarchyDTO": {
      "type": "object",
      "properties": {
        "branchCode": {
          "type": "string"
        },
        "branchId": {
          "type": "integer",
          "format": "int32"
        },
        "branchName": {
          "type": "string"
        },
        "isDefault": {
          "type": "integer",
          "format": "int32"
        },
        "parentBranchCode": {
          "type": "string"
        },
        "parentBranchId": {
          "type": "integer",
          "format": "int64"
        }
      },
      "title": "BranchHierarchyDTO"
    },
    "BranchManagerDTO": {
      "type": "object",
      "properties": {
        "description": {
          "type": "string"
        },
        "id": {
          "type": "integer",
          "format": "int32"
        },
        "lookupManagerTypeId": {
          "type": "integer",
          "format": "int32"
        },
        "propelRefId": {
          "type": "integer",
          "format": "int64"
        },
        "status": {
          "type": "integer",
          "format": "int32"
        },
        "userId": {
          "type": "string"
        }
      },
      "title": "BranchManagerDTO"
    },
    "BranchMopDTO": {
      "type": "object",
      "properties": {
        "effectiveDt": {
          "type": "string",
          "example": "dd-MM-yyyy"
        },
        "focMnthWise": {
          "type": "integer",
          "format": "int32"
        },
        "focValidUpto": {
          "type": "string",
          "example": "dd-MM-yyyy"
        },
        "focWayblMaxCnt": {
          "type": "integer",
          "format": "int32"
        },
        "id": {
          "type": "integer",
          "format": "int32"
        },
        "lkpBranchMopId": {
          "type": "integer",
          "format": "int32"
        },
        "propelRefId": {
          "type": "integer",
          "format": "int64"
        },
        "status": {
          "type": "integer",
          "format": "int32"
        }
      },
      "title": "BranchMopDTO"
    },
    "BranchPincodeMappingDTO": {
      "type": "object",
      "properties": {
        "bookingBranchPinMapDTO": {
          "$ref": "#/definitions/BookingBranchPinMapDTO"
        },
        "branchType": {
          "type": "string"
        },
        "deliveryBranchPinMapDTO": {
          "$ref": "#/definitions/DeliveryBranchPinMapDTO"
        },
        "id": {
          "type": "integer",
          "format": "int32"
        }
      },
      "title": "BranchPincodeMappingDTO"
    },
    "BranchPinmappingReferenceDTO": {
      "type": "object",
      "properties": {
        "features": {
          "type": "array",
          "items": {
            "$ref": "#/definitions/BranchFeatureDTO"
          }
        },
        "slabs": {
          "type": "array",
          "items": {
            "$ref": "#/definitions/SlabDTO"
          }
        }
      },
      "title": "BranchPinmappingReferenceDTO"
    },
    "BranchReferenceDTO": {
      "type": "object",
      "properties": {
        "features": {
          "type": "array",
          "items": {
            "$ref": "#/definitions/BranchFeatureDTO"
          }
        },
        "modeOfPayments": {
          "type": "array",
          "items": {
            "$ref": "#/definitions/LookUpDTO"
          }
        },
        "organizations": {
          "type": "array",
          "items": {
            "$ref": "#/definitions/OrganizationDTO"
          }
        },
        "ratings": {
          "type": "array",
          "items": {
            "$ref": "#/definitions/LookUpDTO"
          }
        },
        "types": {
          "type": "array",
          "items": {
            "$ref": "#/definitions/BranchTypeDTO"
          }
        }
      },
      "title": "BranchReferenceDTO"
    },
    "BranchTypeDTO": {
      "type": "object",
      "properties": {
        "branchType": {
          "type": "string"
        },
        "id": {
          "type": "integer",
          "format": "int32"
        },
        "status": {
          "type": "integer",
          "format": "int32"
        }
      },
      "title": "BranchTypeDTO"
    },
    "DeliveryBranchPinMapDTO": {
      "type": "object",
      "properties": {
        "airGateway": {
          "type": "integer",
          "format": "int32"
        },
        "descr": {
          "type": "string"
        },
        "id": {
          "type": "integer",
          "format": "int32"
        },
        "pincodes": {
          "type": "array",
          "items": {
            "type": "integer",
            "format": "int32"
          }
        },
        "propelRefId": {
          "type": "integer",
          "format": "int64"
        },
        "status": {
          "type": "integer",
          "format": "int32"
        },
        "surfaceGateway": {
          "type": "integer",
          "format": "int32"
        }
      },
      "title": "DeliveryBranchPinMapDTO"
    },
    "Error": {
      "type": "object",
      "properties": {
        "code": {
          "type": "string"
        },
        "description": {
          "type": "string"
        }
      },
      "title": "Error"
    },
    "ErrorResponse": {
      "type": "object",
      "properties": {
        "error": {
          "type": "array",
          "items": {
            "$ref": "#/definitions/Error"
          }
        }
      },
      "title": "ErrorResponse"
    },
    "HierarchyBranchListDTO": {
      "type": "object",
      "properties": {
        "defaultBranchHierarchyDTOList": {
          "type": "array",
          "items": {
            "$ref": "#/definitions/BranchHierarchyDTO"
          }
        },
        "privilageBranchHierarchyList": {
          "type": "object",
          "additionalProperties": {
            "type": "array",
            "items": {
              "$ref": "#/definitions/BranchHierarchyDTO"
            }
          }
        }
      },
      "title": "HierarchyBranchListDTO"
    },
    "LookUpDTO": {
      "type": "object",
      "properties": {
        "id": {
          "type": "integer",
          "format": "int64"
        },
        "lookupVal": {
          "type": "string"
        }
      },
      "title": "LookUpDTO"
    },
    "OrganizationDTO": {
      "type": "object",
      "properties": {
        "id": {
          "type": "integer",
          "format": "int32"
        },
        "orgName": {
          "type": "string"
        },
        "status": {
          "type": "integer",
          "format": "int32"
        }
      },
      "title": "OrganizationDTO"
    },
    "ReferenceData": {
      "type": "object",
      "title": "ReferenceData"
    },
    "SlabDTO": {
      "type": "object",
      "properties": {
        "id": {
          "type": "integer",
          "format": "int32"
        },
        "lowerVal": {
          "type": "integer",
          "format": "int64"
        },
        "slabCtgy": {
          "type": "string"
        },
        "status": {
          "type": "integer",
          "format": "int32"
        },
        "upperVal": {
          "type": "integer",
          "format": "int64"
        }
      },
      "title": "SlabDTO"
    },
    "UserBranchMappingDTO": {
      "type": "object",
      "properties": {
        "addOrRemoveOrUpdate": {
          "type": "string",
          "description": "Flag to specify if the branch is to be added or removed or updated"
        },
        "branchId": {
          "type": "integer",
          "format": "int32",
          "description": "Branch ID"
        },
        "effectiveDate": {
          "type": "string",
          "example": "yyyy-MM-dd"
        },
        "expiryDate": {
          "type": "string",
          "example": "yyyy-MM-dd"
        },
        "isDefault": {
          "type": "integer",
          "format": "int32",
          "description": "Flag to specify if the associated branch id default or previlege"
        },
        "status": {
          "type": "integer",
          "format": "int32"
        }
      },
      "title": "UserBranchMappingDTO"
    }
  }
}
