{
    "data": [
        {
            "id": 1,
            "cityCode": "DEL",
            "cityName": "DELHI",
            "status": 1,
            "effectiveDt": "2019-10-15T05:13:16.344+0000"
        },
        {
            "id": 2,
            "cityCode": "LKO",
            "cityName": "LUCKNOW",
            "descr": "lucknow details",
            "status": 1,
            "effectiveDt": "2019-10-28T06:24:46.173+0000"
        },
        {
            "id": 34,
            "cityCode": "MOGA",
            "cityName": "MOGA",
            "descr": "MOGA City",
            "status": 0,
            "effectiveDt": "2020-01-07T12:04:34.204+0000"
        },
        {
            "id": 67,
            "cityCode": "LNDN",
            "cityName": "LONDON CITY",
            "descr": "CITY OF ENGLAND",
            "status": 0,
            "effectiveDt": "2020-01-13T11:17:05.654+0000"
        },
        {
            "id": 3,
            "cityCode": "VAISHALI",
            "cityName": "VAISHALI",
            "descr": "CITY OF GHAZIABAD",
            "status": 1,
            "effectiveDt": "2019-10-15T05:13:16.344+0000"
        },
        {
            "id": 4,
            "cityCode": "VASUNDHRA",
            "cityName": "VASUNDHRA",
            "descr": "CITY OF GHAZIABAD",
            "status": 1,
            "effectiveDt": "2019-10-28T06:24:46.173+0000"
        },
        {
            "id": 5,
            "cityCode": "PRATAPVIHAR",
            "cityName": "PRATAPVIHAR",
            "descr": "CITY OF GHAZIABAD",
            "status": 1,
            "effectiveDt": "2020-01-07T12:04:34.204+0000"
        },
        {
            "id": 6,
            "cityCode": "PARTAPUR",
            "cityName": "PARTAPUR",
            "descr": "CITY OF MEERUT",
            "status": 1,
            "effectiveDt": "2020-01-13T11:17:05.654+0000"
        },
        {
            "id": 7,
            "cityCode": "KHEKDI",
            "cityName": "KHEKDI",
            "descr": "CITY OF MERRUT",
            "status": 1,
            "effectiveDt": "2020-01-13T11:17:05.654+0000"
        },
        {
            "id": 8,
            "cityCode": "DORALA",
            "cityName": "DORALA",
            "descr": "CITY OF MERRUT",
            "status": 1,
            "effectiveDt": "2020-01-13T11:17:05.654+0000"
        },
        {
            "id": 9,
            "cityCode": "SOUTEXT",
            "cityName": "SOUTEXT",
            "descr": "CITY OF DELHI",
            "status": 1,
            "effectiveDt": "2020-01-13T11:17:05.654+0000"
        },
        {
            "id": 10,
            "cityCode": "ASHRAM",
            "cityName": "ASHRAM",
            "descr": "CITY OF DELHI",
            "status": 1,
            "effectiveDt": "2020-01-13T11:17:05.654+0000"
        },
        {
            "id": 11,
            "cityCode": "BHOGHAL",
            "cityName": "BHOGHAL",
            "descr": "CITY OF DElHI",
            "status": 1,
            "effectiveDt": "2020-01-13T11:17:05.654+0000"
        },
        {
            "id": 12,
            "cityCode": "PITAMPURA",
            "cityName": "PITAMPURA",
            "descr": "CITY OF DELHI",
            "status": 1,
            "effectiveDt": "2020-01-13T11:17:05.654+0000"
        },
        {
            "id": 13,
            "cityCode": "KAROLBAGH",
            "cityName": "KAROLBAGH",
            "descr": "CITY OF DELHI",
            "status": 1,
            "effectiveDt": "2020-01-13T11:17:05.654+0000"
        },
        {
            "id": 14,
            "cityCode": "ROHINI",
            "cityName": "ROHINI",
            "descr": "CITY OF DELHI",
            "status": 1,
            "effectiveDt": "2020-01-13T11:17:05.654+0000"
        },
        {
            "id": 15,
            "cityCode": "BAKURA",
            "cityName": "BAKURA CITY",
            "descr": "CITY OF WESTBENGAL",
            "status": 1,
            "effectiveDt": "2020-01-13T11:17:05.654+0000"
        },
        {
            "id": 16,
            "cityCode": "BILLGAON",
            "cityName": "BILLGAON CITY",
            "descr": "CITY OF WESTBENGAL",
            "status": 1,
            "effectiveDt": "2020-01-13T11:17:05.654+0000"
        },
        {
            "id": 17,
            "cityCode": "BHOJPUR",
            "cityName": "BHOJPUR CITY",
            "descr": "CITY OF WESTBENGAL",
            "status": 1,
            "effectiveDt": "2020-01-13T11:17:05.654+0000"
        },
        {
            "id": 18,
            "cityCode": "DHOLPUR",
            "cityName": "DHOLPUR CITY",
            "descr": "CITY OF WESTBENGAL",
            "status": 1,
            "effectiveDt": "2020-01-13T11:17:05.654+0000"
        },
        {
            "id": 9,
            "cityCode": "SOUTEXT",
            "cityName": "SOUTEXT",
            "descr": "CITY OF DELHI",
            "status": 1,
            "effectiveDt": "2020-01-13T11:17:05.654+0000"
        },
        {
            "id": 10,
            "cityCode": "ASHRAM",
            "cityName": "ASHRAM",
            "descr": "CITY OF DELHI",
            "status": 1,
            "effectiveDt": "2020-01-13T11:17:05.654+0000"
        },
        {
            "id": 11,
            "cityCode": "BHOGHAL",
            "cityName": "BHOGHAL",
            "descr": "CITY OF DElHI",
            "status": 1,
            "effectiveDt": "2020-01-13T11:17:05.654+0000"
        }
    ],
    "status": "SUCCESS"
}