{
    "data": [
        {
            "id": 2,
            "descr": "LUCKNOW",
            "districtName": "LUCKNOW",
            "status": 1,
            "effectiveDt": "2019-10-28T06:23:45.617+0000"
        },
        {
            "id": 7,
            "descr": "GHAZIABAD",
            "districtName": "GHAZIABAD",
            "status": 1,
            "effectiveDt": "2019-10-15T05:06:40.198+0000"
        },
        {
            "id": 8,
            "descr": "MEERUT",
            "districtName": "MEERUT",
            "status": 1,
            "effectiveDt": "2019-10-28T06:23:45.617+0000"
        },
        {
            "id": 5,
            "descr": "24PERGANA",
            "districtName": "24PERGANA",
            "status": 1,
            "effectiveDt": "2020-01-07T11:58:51.134+0000"
        },
        {
            "id": 6,
            "descr": "MALDAHA",
            "districtName": "MALDAHA",
            "status": 1,
            "effectiveDt": "2020-01-13T11:11:29.842+0000"
        }
    ],
    "status": "SUCCESS"
}