{
  "data": [
    {
      "id": 1,
      "zoneName": "EAST",
      "status": 1,
      "description": "string",
      "effectiveDate": "2020-01-08",
      "expiryDate": "2020-01-08"
    },
    {
      "id": 2,
      "zoneName": "WEST",
      "status": 1,
      "description": "string",
      "effectiveDate": "2020-01-08",
      "expiryDate": "2020-01-08"
    },
    {
      "id": 3,
      "zoneName": "NORTH",
      "status": 1,
      "description": "string",
      "effectiveDate": "2020-01-08",
      "expiryDate": "2020-01-08"
    }
  ],
  "status": "SUCCESS"
}