{"swagger":"2.0","info":{"description":"lookupBff BFF","version":"0.0.1-SNAPSHOT","title":"lookupBff BFF","termsOfService":"http://www.sfx.com/terms","contact":{"name":"SFX","url":"http://www.sfx.com","email":"info@sfx.com"},"license":{"name":"Internal use only","url":"http://www.sfx.com/license"}},"host":"internal-a8b998f554e6611ea9bac0a3257c4306-1036323921.ap-south-1.elb.amazonaws.com","basePath":"/","tags":[{"name":"Billing by Level master","description":"Billing by Level master"},{"name":"Lookup","description":"Lookup"},{"name":"Notepad","description":"Notepad Controller"},{"name":"address feature master","description":"address feature master"},{"name":"fuel master","description":"fuel master"},{"name":"gst master","description":"gst master"},{"name":"product master","description":"product master"},{"name":"segment","description":"segment"},{"name":"service line master","description":"service line master"}],"paths":{"/secure/lookup/v1/mdm/addrFeature":{"get":{"tags":["address feature master"],"summary":"get addrFeature ","description":"get addrFeature","operationId":"getAddressFeatureUsingGET","produces":["*/*"],"parameters":[{"name":"authorization","in":"header","description":"Encrypted access token","required":false,"type":"string"},{"name":"branchId","in":"header","description":"Branch Id","required":false,"type":"string"},{"name":"journeyId","in":"header","description":"Global transaction Id","required":true,"type":"string"},{"name":"userId","in":"header","description":"UserId","required":true,"type":"string"}],"responses":{"200":{"description":"OK","schema":{"$ref":"#/definitions/ApiResponse«BffResponse«List«AddressFeatureDto»»»"}},"400":{"description":"Bad Request","schema":{"$ref":"#/definitions/ApiErrorResponse"}},"404":{"description":"Not Found","schema":{"$ref":"#/definitions/ApiErrorResponse"}},"405":{"description":"Method Not Allowed","schema":{"$ref":"#/definitions/ApiErrorResponse"}},"500":{"description":"Internal Server Error","schema":{"$ref":"#/definitions/ApiErrorResponse"}}},"deprecated":false},"post":{"tags":["address feature master"],"summary":"create addrFeature","description":" create addrFeature","operationId":"saveAddrFeatureUsingPOST","consumes":["application/json"],"produces":["*/*"],"parameters":[{"name":"authorization","in":"header","description":"Encrypted access token","required":false,"type":"string"},{"name":"branchId","in":"header","description":"Branch Id","required":false,"type":"string"},{"in":"body","name":"entityDto","description":"entityDto","required":true,"schema":{"$ref":"#/definitions/AddressFeatureDto"}},{"name":"journeyId","in":"header","description":"Global transaction Id","required":true,"type":"string"},{"name":"userId","in":"header","description":"UserId","required":true,"type":"string"}],"responses":{"200":{"description":"OK","schema":{"$ref":"#/definitions/ApiResponse«BffResponse«int»»"}},"400":{"description":"Bad Request","schema":{"$ref":"#/definitions/ApiErrorResponse"}},"404":{"description":"Not Found","schema":{"$ref":"#/definitions/ApiErrorResponse"}},"405":{"description":"Method Not Allowed","schema":{"$ref":"#/definitions/ApiErrorResponse"}},"500":{"description":"Internal Server Error","schema":{"$ref":"#/definitions/ApiErrorResponse"}}},"deprecated":false},"put":{"tags":["address feature master"],"summary":"update addrFeature","description":"update fuel","operationId":"updateAddrFeatureUsingPUT","consumes":["application/json"],"produces":["*/*"],"parameters":[{"name":"authorization","in":"header","description":"Encrypted access token","required":false,"type":"string"},{"name":"branchId","in":"header","description":"Branch Id","required":false,"type":"string"},{"in":"body","name":"entityDto","description":"entityDto","required":true,"schema":{"$ref":"#/definitions/AddressFeatureDto"}},{"name":"journeyId","in":"header","description":"Global transaction Id","required":true,"type":"string"},{"name":"userId","in":"header","description":"UserId","required":true,"type":"string"}],"responses":{"200":{"description":"OK","schema":{"$ref":"#/definitions/ApiResponse«BffResponse«int»»"}},"400":{"description":"Bad Request","schema":{"$ref":"#/definitions/ApiErrorResponse"}},"404":{"description":"Not Found","schema":{"$ref":"#/definitions/ApiErrorResponse"}},"405":{"description":"Method Not Allowed","schema":{"$ref":"#/definitions/ApiErrorResponse"}},"500":{"description":"Internal Server Error","schema":{"$ref":"#/definitions/ApiErrorResponse"}}},"deprecated":false}},"/secure/lookup/v1/mdm/billing-by-level-map":{"get":{"tags":["Billing by Level master"],"summary":"get billingByLevel list ","description":"get billingByLevel list","operationId":"getBillingByLevelMapUsingGET","produces":["*/*"],"parameters":[{"name":"authorization","in":"header","description":"Encrypted access token","required":false,"type":"string"},{"name":"branchId","in":"header","description":"Branch Id","required":false,"type":"string"},{"name":"journeyId","in":"header","description":"Global transaction Id","required":true,"type":"string"},{"name":"userId","in":"header","description":"UserId","required":true,"type":"string"}],"responses":{"200":{"description":"OK","schema":{"$ref":"#/definitions/ApiResponse«BffResponse«List«BillingByLevelMapTypeDTO»»»"}},"400":{"description":"Bad Request","schema":{"$ref":"#/definitions/ApiErrorResponse"}},"404":{"description":"Not Found","schema":{"$ref":"#/definitions/ApiErrorResponse"}},"405":{"description":"Method Not Allowed","schema":{"$ref":"#/definitions/ApiErrorResponse"}},"500":{"description":"Internal Server Error","schema":{"$ref":"#/definitions/ApiErrorResponse"}}},"deprecated":false},"post":{"tags":["Billing by Level master"],"summary":"create BillingByLevelMap","description":" create BillingByLevelMap","operationId":"saveBillingByLevelMapUsingPOST","consumes":["application/json"],"produces":["*/*"],"parameters":[{"name":"authorization","in":"header","description":"Encrypted access token","required":false,"type":"string"},{"name":"branchId","in":"header","description":"Branch Id","required":false,"type":"string"},{"in":"body","name":"entityDto","description":"entityDto","required":true,"schema":{"$ref":"#/definitions/BillingByLevelMapTypeDTO"}},{"name":"journeyId","in":"header","description":"Global transaction Id","required":true,"type":"string"},{"name":"userId","in":"header","description":"UserId","required":true,"type":"string"}],"responses":{"200":{"description":"OK","schema":{"$ref":"#/definitions/ApiResponse«BffResponse«int»»"}},"400":{"description":"Bad Request","schema":{"$ref":"#/definitions/ApiErrorResponse"}},"404":{"description":"Not Found","schema":{"$ref":"#/definitions/ApiErrorResponse"}},"405":{"description":"Method Not Allowed","schema":{"$ref":"#/definitions/ApiErrorResponse"}},"500":{"description":"Internal Server Error","schema":{"$ref":"#/definitions/ApiErrorResponse"}}},"deprecated":false},"put":{"tags":["Billing by Level master"],"summary":"update billing by level","description":"update billing by level","operationId":"updateBillingByLevelMapUsingPUT","consumes":["application/json"],"produces":["*/*"],"parameters":[{"name":"authorization","in":"header","description":"Encrypted access token","required":false,"type":"string"},{"name":"branchId","in":"header","description":"Branch Id","required":false,"type":"string"},{"in":"body","name":"entityDto","description":"entityDto","required":true,"schema":{"$ref":"#/definitions/BillingByLevelMapTypeDTO"}},{"name":"journeyId","in":"header","description":"Global transaction Id","required":true,"type":"string"},{"name":"userId","in":"header","description":"UserId","required":true,"type":"string"}],"responses":{"200":{"description":"OK","schema":{"$ref":"#/definitions/ApiResponse«BffResponse«int»»"}},"400":{"description":"Bad Request","schema":{"$ref":"#/definitions/ApiErrorResponse"}},"404":{"description":"Not Found","schema":{"$ref":"#/definitions/ApiErrorResponse"}},"405":{"description":"Method Not Allowed","schema":{"$ref":"#/definitions/ApiErrorResponse"}},"500":{"description":"Internal Server Error","schema":{"$ref":"#/definitions/ApiErrorResponse"}}},"deprecated":false}},"/secure/lookup/v1/mdm/fuelPrice":{"get":{"tags":["fuel master"],"summary":"get Fuel list ","description":"get Fuel list","operationId":"getFuelUsingGET","produces":["*/*"],"parameters":[{"name":"authorization","in":"header","description":"Encrypted access token","required":false,"type":"string"},{"name":"branchId","in":"header","description":"Branch Id","required":false,"type":"string"},{"name":"journeyId","in":"header","description":"Global transaction Id","required":true,"type":"string"},{"name":"userId","in":"header","description":"UserId","required":true,"type":"string"}],"responses":{"200":{"description":"OK","schema":{"$ref":"#/definitions/ApiResponse«BffResponse«List«FuelDTO»»»"}},"400":{"description":"Bad Request","schema":{"$ref":"#/definitions/ApiErrorResponse"}},"404":{"description":"Not Found","schema":{"$ref":"#/definitions/ApiErrorResponse"}},"405":{"description":"Method Not Allowed","schema":{"$ref":"#/definitions/ApiErrorResponse"}},"500":{"description":"Internal Server Error","schema":{"$ref":"#/definitions/ApiErrorResponse"}}},"deprecated":false},"post":{"tags":["fuel master"],"summary":"create fuel","description":" create fuel","operationId":"saveFuelUsingPOST","consumes":["application/json"],"produces":["*/*"],"parameters":[{"name":"authorization","in":"header","description":"Encrypted access token","required":false,"type":"string"},{"name":"branchId","in":"header","description":"Branch Id","required":false,"type":"string"},{"in":"body","name":"entityDto","description":"entityDto","required":true,"schema":{"$ref":"#/definitions/FuelDTO"}},{"name":"journeyId","in":"header","description":"Global transaction Id","required":true,"type":"string"},{"name":"userId","in":"header","description":"UserId","required":true,"type":"string"}],"responses":{"200":{"description":"OK","schema":{"$ref":"#/definitions/ApiResponse«BffResponse«int»»"}},"400":{"description":"Bad Request","schema":{"$ref":"#/definitions/ApiErrorResponse"}},"404":{"description":"Not Found","schema":{"$ref":"#/definitions/ApiErrorResponse"}},"405":{"description":"Method Not Allowed","schema":{"$ref":"#/definitions/ApiErrorResponse"}},"500":{"description":"Internal Server Error","schema":{"$ref":"#/definitions/ApiErrorResponse"}}},"deprecated":false},"put":{"tags":["fuel master"],"summary":"update fuel","description":"update fuel","operationId":"updateFuelUsingPUT","consumes":["application/json"],"produces":["*/*"],"parameters":[{"name":"authorization","in":"header","description":"Encrypted access token","required":false,"type":"string"},{"name":"branchId","in":"header","description":"Branch Id","required":false,"type":"string"},{"in":"body","name":"entityDto","description":"entityDto","required":true,"schema":{"$ref":"#/definitions/FuelDTO"}},{"name":"journeyId","in":"header","description":"Global transaction Id","required":true,"type":"string"},{"name":"userId","in":"header","description":"UserId","required":true,"type":"string"}],"responses":{"200":{"description":"OK","schema":{"$ref":"#/definitions/ApiResponse«BffResponse«int»»"}},"400":{"description":"Bad Request","schema":{"$ref":"#/definitions/ApiErrorResponse"}},"404":{"description":"Not Found","schema":{"$ref":"#/definitions/ApiErrorResponse"}},"405":{"description":"Method Not Allowed","schema":{"$ref":"#/definitions/ApiErrorResponse"}},"500":{"description":"Internal Server Error","schema":{"$ref":"#/definitions/ApiErrorResponse"}}},"deprecated":false}},"/secure/lookup/v1/mdm/gstType":{"get":{"tags":["gst master"],"summary":"get GstType list ","description":"get GstType list","operationId":"getGstTypeUsingGET","produces":["*/*"],"parameters":[{"name":"authorization","in":"header","description":"Encrypted access token","required":false,"type":"string"},{"name":"branchId","in":"header","description":"Branch Id","required":false,"type":"string"},{"name":"journeyId","in":"header","description":"Global transaction Id","required":true,"type":"string"},{"name":"userId","in":"header","description":"UserId","required":true,"type":"string"}],"responses":{"200":{"description":"OK","schema":{"$ref":"#/definitions/ApiResponse«BffResponse«List«GstTypeDTO»»»"}},"400":{"description":"Bad Request","schema":{"$ref":"#/definitions/ApiErrorResponse"}},"404":{"description":"Not Found","schema":{"$ref":"#/definitions/ApiErrorResponse"}},"405":{"description":"Method Not Allowed","schema":{"$ref":"#/definitions/ApiErrorResponse"}},"500":{"description":"Internal Server Error","schema":{"$ref":"#/definitions/ApiErrorResponse"}}},"deprecated":false},"post":{"tags":["gst master"],"summary":"create gstType","description":" create gstType","operationId":"saveGstTypeUsingPOST","consumes":["application/json"],"produces":["*/*"],"parameters":[{"name":"authorization","in":"header","description":"Encrypted access token","required":false,"type":"string"},{"name":"branchId","in":"header","description":"Branch Id","required":false,"type":"string"},{"in":"body","name":"entityDto","description":"entityDto","required":true,"schema":{"$ref":"#/definitions/GstTypeDTO"}},{"name":"journeyId","in":"header","description":"Global transaction Id","required":true,"type":"string"},{"name":"userId","in":"header","description":"UserId","required":true,"type":"string"}],"responses":{"200":{"description":"OK","schema":{"$ref":"#/definitions/ApiResponse«BffResponse«int»»"}},"400":{"description":"Bad Request","schema":{"$ref":"#/definitions/ApiErrorResponse"}},"404":{"description":"Not Found","schema":{"$ref":"#/definitions/ApiErrorResponse"}},"405":{"description":"Method Not Allowed","schema":{"$ref":"#/definitions/ApiErrorResponse"}},"500":{"description":"Internal Server Error","schema":{"$ref":"#/definitions/ApiErrorResponse"}}},"deprecated":false},"put":{"tags":["gst master"],"summary":"update gstType","description":"update gstType","operationId":"updateGstTypeUsingPUT","consumes":["application/json"],"produces":["*/*"],"parameters":[{"name":"authorization","in":"header","description":"Encrypted access token","required":false,"type":"string"},{"name":"branchId","in":"header","description":"Branch Id","required":false,"type":"string"},{"in":"body","name":"entityDto","description":"entityDto","required":true,"schema":{"$ref":"#/definitions/GstTypeDTO"}},{"name":"journeyId","in":"header","description":"Global transaction Id","required":true,"type":"string"},{"name":"userId","in":"header","description":"UserId","required":true,"type":"string"}],"responses":{"200":{"description":"OK","schema":{"$ref":"#/definitions/ApiResponse«BffResponse«int»»"}},"400":{"description":"Bad Request","schema":{"$ref":"#/definitions/ApiErrorResponse"}},"404":{"description":"Not Found","schema":{"$ref":"#/definitions/ApiErrorResponse"}},"405":{"description":"Method Not Allowed","schema":{"$ref":"#/definitions/ApiErrorResponse"}},"500":{"description":"Internal Server Error","schema":{"$ref":"#/definitions/ApiErrorResponse"}}},"deprecated":false}},"/secure/lookup/v1/mdm/hsncode":{"get":{"tags":["product master"],"summary":"get hsncode","description":"get hsncode","operationId":"getHsnCodeUsingGET","produces":["*/*"],"parameters":[{"name":"authorization","in":"header","description":"Encrypted access token","required":false,"type":"string"},{"name":"branchId","in":"header","description":"Branch Id","required":false,"type":"string"},{"name":"journeyId","in":"header","description":"Global transaction Id","required":true,"type":"string"},{"name":"userId","in":"header","description":"UserId","required":true,"type":"string"}],"responses":{"200":{"description":"OK","schema":{"$ref":"#/definitions/ApiResponse«BffResponse«List«HsncodeDTO»»»"}},"400":{"description":"Bad Request","schema":{"$ref":"#/definitions/ApiErrorResponse"}},"404":{"description":"Not Found","schema":{"$ref":"#/definitions/ApiErrorResponse"}},"405":{"description":"Method Not Allowed","schema":{"$ref":"#/definitions/ApiErrorResponse"}},"500":{"description":"Internal Server Error","schema":{"$ref":"#/definitions/ApiErrorResponse"}}},"deprecated":false},"post":{"tags":["product master"],"summary":"create hsncode","description":"create hsncode","operationId":"saveHsnCodeUsingPOST","consumes":["application/json"],"produces":["*/*"],"parameters":[{"name":"authorization","in":"header","description":"Encrypted access token","required":false,"type":"string"},{"name":"branchId","in":"header","description":"Branch Id","required":false,"type":"string"},{"in":"body","name":"entityDto","description":"entityDto","required":true,"schema":{"$ref":"#/definitions/HsncodeDTO"}},{"name":"journeyId","in":"header","description":"Global transaction Id","required":true,"type":"string"},{"name":"userId","in":"header","description":"UserId","required":true,"type":"string"}],"responses":{"200":{"description":"OK","schema":{"$ref":"#/definitions/ApiResponse«BffResponse«int»»"}},"400":{"description":"Bad Request","schema":{"$ref":"#/definitions/ApiErrorResponse"}},"404":{"description":"Not Found","schema":{"$ref":"#/definitions/ApiErrorResponse"}},"405":{"description":"Method Not Allowed","schema":{"$ref":"#/definitions/ApiErrorResponse"}},"500":{"description":"Internal Server Error","schema":{"$ref":"#/definitions/ApiErrorResponse"}}},"deprecated":false},"put":{"tags":["product master"],"summary":"update hsncode","description":"update hsncode","operationId":"updateHsnCodeUsingPUT","consumes":["application/json"],"produces":["*/*"],"parameters":[{"name":"authorization","in":"header","description":"Encrypted access token","required":false,"type":"string"},{"name":"branchId","in":"header","description":"Branch Id","required":false,"type":"string"},{"in":"body","name":"entityDto","description":"entityDto","required":true,"schema":{"$ref":"#/definitions/HsncodeDTO"}},{"name":"journeyId","in":"header","description":"Global transaction Id","required":true,"type":"string"},{"name":"userId","in":"header","description":"UserId","required":true,"type":"string"}],"responses":{"200":{"description":"OK","schema":{"$ref":"#/definitions/ApiResponse«BffResponse«int»»"}},"400":{"description":"Bad Request","schema":{"$ref":"#/definitions/ApiErrorResponse"}},"404":{"description":"Not Found","schema":{"$ref":"#/definitions/ApiErrorResponse"}},"405":{"description":"Method Not Allowed","schema":{"$ref":"#/definitions/ApiErrorResponse"}},"500":{"description":"Internal Server Error","schema":{"$ref":"#/definitions/ApiErrorResponse"}}},"deprecated":false}},"/secure/lookup/v1/mdm/lookupTypeList":{"get":{"tags":["Lookup"],"summary":"get list of all look types","description":"get list of all look types","operationId":"getLookupTypeListUsingGET","produces":["*/*"],"parameters":[{"name":"authorization","in":"header","description":"Encrypted access token","required":false,"type":"string"},{"name":"branchId","in":"header","description":"Branch Id","required":false,"type":"string"},{"name":"journeyId","in":"header","description":"Global transaction Id","required":true,"type":"string"},{"name":"userId","in":"header","description":"UserId","required":true,"type":"string"}],"responses":{"200":{"description":"OK","schema":{"$ref":"#/definitions/ApiResponse«BffResponse«List«LookUpTypeDTO»»»"}},"400":{"description":"Bad Request","schema":{"$ref":"#/definitions/ApiErrorResponse"}},"404":{"description":"Not Found","schema":{"$ref":"#/definitions/ApiErrorResponse"}},"405":{"description":"Method Not Allowed","schema":{"$ref":"#/definitions/ApiErrorResponse"}},"500":{"description":"Internal Server Error","schema":{"$ref":"#/definitions/ApiErrorResponse"}}},"deprecated":false}},"/secure/lookup/v1/mdm/lookupValue":{"post":{"tags":["Lookup"],"summary":"create lookup values","description":"save lookup Details","operationId":"saveLookupValuesUsingPOST","consumes":["application/json"],"produces":["*/*"],"parameters":[{"name":"authorization","in":"header","description":"Encrypted access token","required":false,"type":"string"},{"name":"branchId","in":"header","description":"Branch Id","required":false,"type":"string"},{"in":"body","name":"entityDto","description":"entityDto","required":true,"schema":{"$ref":"#/definitions/LookUpMDMDTO"}},{"name":"journeyId","in":"header","description":"Global transaction Id","required":true,"type":"string"},{"name":"userId","in":"header","description":"UserId","required":true,"type":"string"}],"responses":{"200":{"description":"OK","schema":{"$ref":"#/definitions/ApiResponse«BffResponse«int»»"}},"400":{"description":"Bad Request","schema":{"$ref":"#/definitions/ApiErrorResponse"}},"404":{"description":"Not Found","schema":{"$ref":"#/definitions/ApiErrorResponse"}},"405":{"description":"Method Not Allowed","schema":{"$ref":"#/definitions/ApiErrorResponse"}},"500":{"description":"Internal Server Error","schema":{"$ref":"#/definitions/ApiErrorResponse"}}},"deprecated":false},"put":{"tags":["Lookup"],"summary":"update lookup values","description":"update lookup value ","operationId":"updateLookupUsingPUT","consumes":["application/json"],"produces":["*/*"],"parameters":[{"name":"authorization","in":"header","description":"Encrypted access token","required":false,"type":"string"},{"name":"branchId","in":"header","description":"Branch Id","required":false,"type":"string"},{"in":"body","name":"entityDto","description":"entityDto","required":true,"schema":{"$ref":"#/definitions/LookUpMDMDTO"}},{"name":"journeyId","in":"header","description":"Global transaction Id","required":true,"type":"string"},{"name":"userId","in":"header","description":"UserId","required":true,"type":"string"}],"responses":{"200":{"description":"OK","schema":{"$ref":"#/definitions/ApiResponse«BffResponse«int»»"}},"400":{"description":"Bad Request","schema":{"$ref":"#/definitions/ApiErrorResponse"}},"404":{"description":"Not Found","schema":{"$ref":"#/definitions/ApiErrorResponse"}},"405":{"description":"Method Not Allowed","schema":{"$ref":"#/definitions/ApiErrorResponse"}},"500":{"description":"Internal Server Error","schema":{"$ref":"#/definitions/ApiErrorResponse"}}},"deprecated":false}},"/secure/lookup/v1/mdm/lookupValue/lookupType/{lookupType}":{"get":{"tags":["Lookup"],"summary":"get Lookup values by lookup type ","description":"get Lookup values by lookup type","operationId":"getLookupValuesUsingGET","produces":["*/*"],"parameters":[{"name":"authorization","in":"header","description":"Encrypted access token","required":false,"type":"string"},{"name":"branchId","in":"header","description":"Branch Id","required":false,"type":"string"},{"name":"journeyId","in":"header","description":"Global transaction Id","required":true,"type":"string"},{"name":"lookupType","in":"path","description":"lookupType","required":true,"type":"string"},{"name":"userId","in":"header","description":"UserId","required":true,"type":"string"}],"responses":{"200":{"description":"OK","schema":{"$ref":"#/definitions/ApiResponse«BffResponse«List«LookUpMDMDTO»»»"}},"400":{"description":"Bad Request","schema":{"$ref":"#/definitions/ApiErrorResponse"}},"404":{"description":"Not Found","schema":{"$ref":"#/definitions/ApiErrorResponse"}},"405":{"description":"Method Not Allowed","schema":{"$ref":"#/definitions/ApiErrorResponse"}},"500":{"description":"Internal Server Error","schema":{"$ref":"#/definitions/ApiErrorResponse"}}},"deprecated":false}},"/secure/lookup/v1/mdm/product":{"get":{"tags":["product master"],"summary":"get Product list ","description":"get Product list","operationId":"getProductsUsingGET","produces":["*/*"],"parameters":[{"name":"authorization","in":"header","description":"Encrypted access token","required":false,"type":"string"},{"name":"branchId","in":"header","description":"Branch Id","required":false,"type":"string"},{"name":"journeyId","in":"header","description":"Global transaction Id","required":true,"type":"string"},{"name":"userId","in":"header","description":"UserId","required":true,"type":"string"}],"responses":{"200":{"description":"OK","schema":{"$ref":"#/definitions/ApiResponse«BffResponse«List«ProductDTO»»»"}},"400":{"description":"Bad Request","schema":{"$ref":"#/definitions/ApiErrorResponse"}},"404":{"description":"Not Found","schema":{"$ref":"#/definitions/ApiErrorResponse"}},"405":{"description":"Method Not Allowed","schema":{"$ref":"#/definitions/ApiErrorResponse"}},"500":{"description":"Internal Server Error","schema":{"$ref":"#/definitions/ApiErrorResponse"}}},"deprecated":false},"post":{"tags":["product master"],"summary":"create product ","description":" create product","operationId":"saveProductUsingPOST","consumes":["application/json"],"produces":["*/*"],"parameters":[{"name":"authorization","in":"header","description":"Encrypted access token","required":false,"type":"string"},{"name":"branchId","in":"header","description":"Branch Id","required":false,"type":"string"},{"in":"body","name":"entityDto","description":"entityDto","required":true,"schema":{"$ref":"#/definitions/ProductDTO"}},{"name":"journeyId","in":"header","description":"Global transaction Id","required":true,"type":"string"},{"name":"userId","in":"header","description":"UserId","required":true,"type":"string"}],"responses":{"200":{"description":"OK","schema":{"$ref":"#/definitions/ApiResponse«BffResponse«int»»"}},"400":{"description":"Bad Request","schema":{"$ref":"#/definitions/ApiErrorResponse"}},"404":{"description":"Not Found","schema":{"$ref":"#/definitions/ApiErrorResponse"}},"405":{"description":"Method Not Allowed","schema":{"$ref":"#/definitions/ApiErrorResponse"}},"500":{"description":"Internal Server Error","schema":{"$ref":"#/definitions/ApiErrorResponse"}}},"deprecated":false}},"/secure/lookup/v1/mdm/productCategory":{"get":{"tags":["product master"],"summary":"get Product category list ","description":"get Product category list","operationId":"getProductCategoryUsingGET","produces":["*/*"],"parameters":[{"name":"authorization","in":"header","description":"Encrypted access token","required":false,"type":"string"},{"name":"branchId","in":"header","description":"Branch Id","required":false,"type":"string"},{"name":"journeyId","in":"header","description":"Global transaction Id","required":true,"type":"string"},{"name":"userId","in":"header","description":"UserId","required":true,"type":"string"}],"responses":{"200":{"description":"OK","schema":{"$ref":"#/definitions/ApiResponse«BffResponse«List«ProductCategoryDTO»»»"}},"400":{"description":"Bad Request","schema":{"$ref":"#/definitions/ApiErrorResponse"}},"404":{"description":"Not Found","schema":{"$ref":"#/definitions/ApiErrorResponse"}},"405":{"description":"Method Not Allowed","schema":{"$ref":"#/definitions/ApiErrorResponse"}},"500":{"description":"Internal Server Error","schema":{"$ref":"#/definitions/ApiErrorResponse"}}},"deprecated":false},"post":{"tags":["product master"],"summary":"create product category","description":" create product category","operationId":"saveProductCategoryUsingPOST","consumes":["application/json"],"produces":["*/*"],"parameters":[{"name":"authorization","in":"header","description":"Encrypted access token","required":false,"type":"string"},{"name":"branchId","in":"header","description":"Branch Id","required":false,"type":"string"},{"in":"body","name":"entityDto","description":"entityDto","required":true,"schema":{"$ref":"#/definitions/ProductCategoryDTO"}},{"name":"journeyId","in":"header","description":"Global transaction Id","required":true,"type":"string"},{"name":"userId","in":"header","description":"UserId","required":true,"type":"string"}],"responses":{"200":{"description":"OK","schema":{"$ref":"#/definitions/ApiResponse«BffResponse«int»»"}},"400":{"description":"Bad Request","schema":{"$ref":"#/definitions/ApiErrorResponse"}},"404":{"description":"Not Found","schema":{"$ref":"#/definitions/ApiErrorResponse"}},"405":{"description":"Method Not Allowed","schema":{"$ref":"#/definitions/ApiErrorResponse"}},"500":{"description":"Internal Server Error","schema":{"$ref":"#/definitions/ApiErrorResponse"}}},"deprecated":false},"put":{"tags":["product master"],"summary":"update product category","description":"update product category","operationId":"updateProductCategoryUsingPUT","consumes":["application/json"],"produces":["*/*"],"parameters":[{"name":"authorization","in":"header","description":"Encrypted access token","required":false,"type":"string"},{"name":"branchId","in":"header","description":"Branch Id","required":false,"type":"string"},{"in":"body","name":"entityDto","description":"entityDto","required":true,"schema":{"$ref":"#/definitions/ProductCategoryDTO"}},{"name":"journeyId","in":"header","description":"Global transaction Id","required":true,"type":"string"},{"name":"userId","in":"header","description":"UserId","required":true,"type":"string"}],"responses":{"200":{"description":"OK","schema":{"$ref":"#/definitions/ApiResponse«BffResponse«int»»"}},"400":{"description":"Bad Request","schema":{"$ref":"#/definitions/ApiErrorResponse"}},"404":{"description":"Not Found","schema":{"$ref":"#/definitions/ApiErrorResponse"}},"405":{"description":"Method Not Allowed","schema":{"$ref":"#/definitions/ApiErrorResponse"}},"500":{"description":"Internal Server Error","schema":{"$ref":"#/definitions/ApiErrorResponse"}}},"deprecated":false}},"/secure/lookup/v1/mdm/segment":{"get":{"tags":["segment"],"summary":"get Segment list ","description":"get segment","operationId":"getSegmentUsingGET","produces":["*/*"],"parameters":[{"name":"authorization","in":"header","description":"Encrypted access token","required":false,"type":"string"},{"name":"branchId","in":"header","description":"Branch Id","required":false,"type":"string"},{"name":"journeyId","in":"header","description":"Global transaction Id","required":true,"type":"string"},{"name":"userId","in":"header","description":"UserId","required":true,"type":"string"}],"responses":{"200":{"description":"OK","schema":{"$ref":"#/definitions/ApiResponse«BffResponse«List«SegmentDTO»»»"}},"400":{"description":"Bad Request","schema":{"$ref":"#/definitions/ApiErrorResponse"}},"404":{"description":"Not Found","schema":{"$ref":"#/definitions/ApiErrorResponse"}},"405":{"description":"Method Not Allowed","schema":{"$ref":"#/definitions/ApiErrorResponse"}},"500":{"description":"Internal Server Error","schema":{"$ref":"#/definitions/ApiErrorResponse"}}},"deprecated":false}},"/secure/lookup/v1/mdm/serviceLineList":{"get":{"tags":["service line master"],"summary":"get service line List ","description":"get service line list","operationId":"getServiceLineListUsingGET","produces":["*/*"],"parameters":[{"name":"authorization","in":"header","description":"Encrypted access token","required":false,"type":"string"},{"name":"branchId","in":"header","description":"Branch Id","required":false,"type":"string"},{"name":"journeyId","in":"header","description":"Global transaction Id","required":true,"type":"string"},{"name":"userId","in":"header","description":"UserId","required":true,"type":"string"}],"responses":{"200":{"description":"OK","schema":{"$ref":"#/definitions/ApiResponse«BffResponse«List«LookUpMDMDTO»»»"}},"400":{"description":"Bad Request","schema":{"$ref":"#/definitions/ApiErrorResponse"}},"404":{"description":"Not Found","schema":{"$ref":"#/definitions/ApiErrorResponse"}},"405":{"description":"Method Not Allowed","schema":{"$ref":"#/definitions/ApiErrorResponse"}},"500":{"description":"Internal Server Error","schema":{"$ref":"#/definitions/ApiErrorResponse"}}},"deprecated":false}},"/secure/lookup/v1/mdm/serviceOffering":{"post":{"tags":["service line master"],"summary":"create ServiceOffering  for a given serviceLineId","description":"save ServiceOffering Details","operationId":"saveServiceOfferingUsingPOST","consumes":["application/json"],"produces":["*/*"],"parameters":[{"name":"authorization","in":"header","description":"Encrypted access token","required":false,"type":"string"},{"name":"branchId","in":"header","description":"Branch Id","required":false,"type":"string"},{"in":"body","name":"entityDto","description":"entityDto","required":true,"schema":{"$ref":"#/definitions/ServiceOfferingDTO"}},{"name":"journeyId","in":"header","description":"Global transaction Id","required":true,"type":"string"},{"name":"userId","in":"header","description":"UserId","required":true,"type":"string"}],"responses":{"200":{"description":"OK","schema":{"$ref":"#/definitions/ApiResponse«BffResponse«int»»"}},"400":{"description":"Bad Request","schema":{"$ref":"#/definitions/ApiErrorResponse"}},"404":{"description":"Not Found","schema":{"$ref":"#/definitions/ApiErrorResponse"}},"405":{"description":"Method Not Allowed","schema":{"$ref":"#/definitions/ApiErrorResponse"}},"500":{"description":"Internal Server Error","schema":{"$ref":"#/definitions/ApiErrorResponse"}}},"deprecated":false},"put":{"tags":["service line master"],"summary":"update ServiceOffering values for a given serviceLineId","description":"update ServiceOffering Details ","operationId":"updateServiceOfferingUsingPUT","consumes":["application/json"],"produces":["*/*"],"parameters":[{"name":"authorization","in":"header","description":"Encrypted access token","required":false,"type":"string"},{"name":"branchId","in":"header","description":"Branch Id","required":false,"type":"string"},{"in":"body","name":"entityDto","description":"entityDto","required":true,"schema":{"$ref":"#/definitions/ServiceOfferingDTO"}},{"name":"journeyId","in":"header","description":"Global transaction Id","required":true,"type":"string"},{"name":"userId","in":"header","description":"UserId","required":true,"type":"string"}],"responses":{"200":{"description":"OK","schema":{"$ref":"#/definitions/ApiResponse«BffResponse«int»»"}},"400":{"description":"Bad Request","schema":{"$ref":"#/definitions/ApiErrorResponse"}},"404":{"description":"Not Found","schema":{"$ref":"#/definitions/ApiErrorResponse"}},"405":{"description":"Method Not Allowed","schema":{"$ref":"#/definitions/ApiErrorResponse"}},"500":{"description":"Internal Server Error","schema":{"$ref":"#/definitions/ApiErrorResponse"}}},"deprecated":false}},"/secure/lookup/v1/mdm/serviceOffering/ids":{"post":{"tags":["service line master"],"summary":"get ServiceOffering  by Ids ","description":"get ServiceOffering by Ids","operationId":"getServiceOfferingByIdUsingPOST","consumes":["application/json"],"produces":["*/*"],"parameters":[{"name":"authorization","in":"header","description":"Encrypted access token","required":false,"type":"string"},{"name":"branchId","in":"header","description":"Branch Id","required":false,"type":"string"},{"in":"body","name":"id","description":"id","required":true,"schema":{"type":"array","items":{"type":"integer","format":"int32"}}},{"name":"journeyId","in":"header","description":"Global transaction Id","required":true,"type":"string"},{"name":"userId","in":"header","description":"UserId","required":true,"type":"string"}],"responses":{"200":{"description":"OK","schema":{"$ref":"#/definitions/ApiResponse«BffResponse«List«ServiceOfferingDTO»»»"}},"400":{"description":"Bad Request","schema":{"$ref":"#/definitions/ApiErrorResponse"}},"404":{"description":"Not Found","schema":{"$ref":"#/definitions/ApiErrorResponse"}},"405":{"description":"Method Not Allowed","schema":{"$ref":"#/definitions/ApiErrorResponse"}},"500":{"description":"Internal Server Error","schema":{"$ref":"#/definitions/ApiErrorResponse"}}},"deprecated":false}},"/secure/lookup/v1/mdm/serviceOffering/serviceLineId/{serviceLineId}":{"get":{"tags":["service line master"],"summary":"get serviceOffering list by serviceLineId","description":"get serviceOffering list by serviceLineId","operationId":"getServiceOfferingUsingGET","produces":["*/*"],"parameters":[{"name":"authorization","in":"header","description":"Encrypted access token","required":false,"type":"string"},{"name":"branchId","in":"header","description":"Branch Id","required":false,"type":"string"},{"name":"journeyId","in":"header","description":"Global transaction Id","required":true,"type":"string"},{"name":"serviceLineId","in":"path","description":"serviceLineId","required":true,"type":"string"},{"name":"userId","in":"header","description":"UserId","required":true,"type":"string"}],"responses":{"200":{"description":"OK","schema":{"$ref":"#/definitions/ApiResponse«BffResponse«List«ServiceOfferingDTO»»»"}},"400":{"description":"Bad Request","schema":{"$ref":"#/definitions/ApiErrorResponse"}},"404":{"description":"Not Found","schema":{"$ref":"#/definitions/ApiErrorResponse"}},"405":{"description":"Method Not Allowed","schema":{"$ref":"#/definitions/ApiErrorResponse"}},"500":{"description":"Internal Server Error","schema":{"$ref":"#/definitions/ApiErrorResponse"}}},"deprecated":false}},"/secure/lookup/v1/mdm/subsegment":{"post":{"tags":["segment"],"summary":"create sub-segment","description":"create sub-segment","operationId":"saveSubSegmentUsingPOST","consumes":["application/json"],"produces":["*/*"],"parameters":[{"name":"authorization","in":"header","description":"Encrypted access token","required":false,"type":"string"},{"name":"branchId","in":"header","description":"Branch Id","required":false,"type":"string"},{"in":"body","name":"entityDto","description":"entityDto","required":true,"schema":{"$ref":"#/definitions/SubSegmentDTO"}},{"name":"journeyId","in":"header","description":"Global transaction Id","required":true,"type":"string"},{"name":"userId","in":"header","description":"UserId","required":true,"type":"string"}],"responses":{"200":{"description":"OK","schema":{"$ref":"#/definitions/ApiResponse«BffResponse«int»»"}},"400":{"description":"Bad Request","schema":{"$ref":"#/definitions/ApiErrorResponse"}},"404":{"description":"Not Found","schema":{"$ref":"#/definitions/ApiErrorResponse"}},"405":{"description":"Method Not Allowed","schema":{"$ref":"#/definitions/ApiErrorResponse"}},"500":{"description":"Internal Server Error","schema":{"$ref":"#/definitions/ApiErrorResponse"}}},"deprecated":false},"put":{"tags":["segment"],"summary":"update sub-segment","description":"update sub-segment","operationId":"updateSubSegmentUsingPUT","consumes":["application/json"],"produces":["*/*"],"parameters":[{"name":"authorization","in":"header","description":"Encrypted access token","required":false,"type":"string"},{"name":"branchId","in":"header","description":"Branch Id","required":false,"type":"string"},{"in":"body","name":"entityDto","description":"entityDto","required":true,"schema":{"$ref":"#/definitions/SubSegmentDTO"}},{"name":"journeyId","in":"header","description":"Global transaction Id","required":true,"type":"string"},{"name":"userId","in":"header","description":"UserId","required":true,"type":"string"}],"responses":{"200":{"description":"OK","schema":{"$ref":"#/definitions/ApiResponse«BffResponse«int»»"}},"400":{"description":"Bad Request","schema":{"$ref":"#/definitions/ApiErrorResponse"}},"404":{"description":"Not Found","schema":{"$ref":"#/definitions/ApiErrorResponse"}},"405":{"description":"Method Not Allowed","schema":{"$ref":"#/definitions/ApiErrorResponse"}},"500":{"description":"Internal Server Error","schema":{"$ref":"#/definitions/ApiErrorResponse"}}},"deprecated":false}},"/secure/lookup/v1/mdm/subsegment/segmentId/{segment_id}":{"get":{"tags":["segment"],"summary":"get Subsegment details based on segment Id","description":"get Subsegment","operationId":"getSubSegmentUsingGET","produces":["*/*"],"parameters":[{"name":"authorization","in":"header","description":"Encrypted access token","required":false,"type":"string"},{"name":"branchId","in":"header","description":"Branch Id","required":false,"type":"string"},{"name":"journeyId","in":"header","description":"Global transaction Id","required":true,"type":"string"},{"name":"segment_id","in":"path","description":"segment_id","required":true,"type":"integer","format":"int32"},{"name":"userId","in":"header","description":"UserId","required":true,"type":"string"}],"responses":{"200":{"description":"OK","schema":{"$ref":"#/definitions/ApiResponse«BffResponse«List«SubSegmentDTO»»»"}},"400":{"description":"Bad Request","schema":{"$ref":"#/definitions/ApiErrorResponse"}},"404":{"description":"Not Found","schema":{"$ref":"#/definitions/ApiErrorResponse"}},"405":{"description":"Method Not Allowed","schema":{"$ref":"#/definitions/ApiErrorResponse"}},"500":{"description":"Internal Server Error","schema":{"$ref":"#/definitions/ApiErrorResponse"}}},"deprecated":false}},"/secure/notepad/v1/mdm":{"post":{"tags":["Notepad"],"summary":"Create new notepad attribute","description":"Create new notepad attributes","operationId":"createNotepadUsingPOST","consumes":["application/json"],"produces":["*/*"],"parameters":[{"name":"authorization","in":"header","description":"Encrypted access token","required":false,"type":"string"},{"name":"branchId","in":"header","description":"Branch Id","required":false,"type":"string"},{"name":"journeyId","in":"header","description":"Global transaction Id","required":true,"type":"string"},{"in":"body","name":"notepadData","description":"notepadData","required":true,"schema":{"$ref":"#/definitions/NotepadDTO"}},{"name":"userId","in":"header","description":"UserId","required":true,"type":"string"}],"responses":{"200":{"description":"OK","schema":{"$ref":"#/definitions/ApiResponse«BffResponse«long»»"}},"400":{"description":"Bad Request","schema":{"$ref":"#/definitions/ApiErrorResponse"}},"404":{"description":"Not Found","schema":{"$ref":"#/definitions/ApiErrorResponse"}},"405":{"description":"Method Not Allowed","schema":{"$ref":"#/definitions/ApiErrorResponse"}},"500":{"description":"Internal Server Error","schema":{"$ref":"#/definitions/ApiErrorResponse"}}},"deprecated":false},"put":{"tags":["Notepad"],"summary":"Update existing notepad details","description":"Update exisitng notepad and return updated notepad details.","operationId":"updateNotepadUsingPUT","consumes":["application/json"],"produces":["*/*"],"parameters":[{"name":"authorization","in":"header","description":"Encrypted access token","required":false,"type":"string"},{"name":"branchId","in":"header","description":"Branch Id","required":false,"type":"string"},{"name":"journeyId","in":"header","description":"Global transaction Id","required":true,"type":"string"},{"in":"body","name":"notepadData","description":"notepadData","required":true,"schema":{"$ref":"#/definitions/NotepadDTO"}},{"name":"userId","in":"header","description":"UserId","required":true,"type":"string"}],"responses":{"200":{"description":"OK","schema":{"$ref":"#/definitions/ApiResponse«BffResponse«long»»"}},"400":{"description":"Bad Request","schema":{"$ref":"#/definitions/ApiErrorResponse"}},"404":{"description":"Not Found","schema":{"$ref":"#/definitions/ApiErrorResponse"}},"405":{"description":"Method Not Allowed","schema":{"$ref":"#/definitions/ApiErrorResponse"}},"500":{"description":"Internal Server Error","schema":{"$ref":"#/definitions/ApiErrorResponse"}}},"deprecated":false}},"/secure/notepad/v1/mdm/entityList/{moduleId}":{"get":{"tags":["Notepad"],"summary":"Get entity list by module id ","description":"Get a list of entities in user management","operationId":"getEntityListByModuleIdUsingGET","produces":["*/*"],"parameters":[{"name":"authorization","in":"header","description":"Encrypted access token","required":false,"type":"string"},{"name":"branchId","in":"header","description":"Branch Id","required":false,"type":"string"},{"name":"journeyId","in":"header","description":"Global transaction Id","required":true,"type":"string"},{"name":"moduleId","in":"path","description":"moduleId","required":true,"type":"integer","format":"int64"},{"name":"userId","in":"header","description":"UserId","required":true,"type":"string"}],"responses":{"200":{"description":"OK","schema":{"$ref":"#/definitions/ApiResponse«BffResponse«List«EntityDTO»»»"}},"400":{"description":"Bad Request","schema":{"$ref":"#/definitions/ApiErrorResponse"}},"404":{"description":"Not Found","schema":{"$ref":"#/definitions/ApiErrorResponse"}},"405":{"description":"Method Not Allowed","schema":{"$ref":"#/definitions/ApiErrorResponse"}},"500":{"description":"Internal Server Error","schema":{"$ref":"#/definitions/ApiErrorResponse"}}},"deprecated":false}},"/secure/notepad/v1/mdm/moduleEntityId/{moduleEntityId}":{"get":{"tags":["Notepad"],"summary":"Get notepad by module entity map id ","description":"Get a list of notepad attributes by module entity map id","operationId":"getNotepadByModuleEntityMapIdUsingGET","produces":["*/*"],"parameters":[{"name":"authorization","in":"header","description":"Encrypted access token","required":false,"type":"string"},{"name":"branchId","in":"header","description":"Branch Id","required":false,"type":"string"},{"name":"journeyId","in":"header","description":"Global transaction Id","required":true,"type":"string"},{"name":"moduleEntityId","in":"path","description":"moduleEntityId","required":true,"type":"integer","format":"int64"},{"name":"userId","in":"header","description":"UserId","required":true,"type":"string"}],"responses":{"200":{"description":"OK","schema":{"$ref":"#/definitions/ApiResponse«BffResponse«List«NotepadDTO»»»"}},"400":{"description":"Bad Request","schema":{"$ref":"#/definitions/ApiErrorResponse"}},"404":{"description":"Not Found","schema":{"$ref":"#/definitions/ApiErrorResponse"}},"405":{"description":"Method Not Allowed","schema":{"$ref":"#/definitions/ApiErrorResponse"}},"500":{"description":"Internal Server Error","schema":{"$ref":"#/definitions/ApiErrorResponse"}}},"deprecated":false}},"/secure/notepad/v1/mdm/moduleList":{"get":{"tags":["Notepad"],"summary":"Get module list ","description":"Get a list of modules in user management","operationId":"getModuleListUsingGET","produces":["*/*"],"parameters":[{"name":"authorization","in":"header","description":"Encrypted access token","required":false,"type":"string"},{"name":"branchId","in":"header","description":"Branch Id","required":false,"type":"string"},{"name":"journeyId","in":"header","description":"Global transaction Id","required":true,"type":"string"},{"name":"userId","in":"header","description":"UserId","required":true,"type":"string"}],"responses":{"200":{"description":"OK","schema":{"$ref":"#/definitions/ApiResponse«BffResponse«List«MenuHierarchyDTO»»»"}},"400":{"description":"Bad Request","schema":{"$ref":"#/definitions/ApiErrorResponse"}},"404":{"description":"Not Found","schema":{"$ref":"#/definitions/ApiErrorResponse"}},"405":{"description":"Method Not Allowed","schema":{"$ref":"#/definitions/ApiErrorResponse"}},"500":{"description":"Internal Server Error","schema":{"$ref":"#/definitions/ApiErrorResponse"}}},"deprecated":false}}},"definitions":{"AddressFeatureDto":{"type":"object","properties":{"addressFeatureName":{"type":"string"},"createBy":{"type":"string"},"createDate":{"type":"string","format":"date-time"},"description":{"type":"string"},"effectiveDate":{"type":"string","format":"date-time"},"expiryDate":{"type":"string","format":"date-time"},"id":{"type":"integer","format":"int32"},"propelRefId":{"type":"integer","format":"int64"},"status":{"type":"integer","format":"int32"},"updateBy":{"type":"string"}},"title":"AddressFeatureDto"},"ApiErrorResponse":{"type":"object","properties":{"message":{"type":"string","description":"message for the response"},"status":{"type":"string","description":"status of response","enum":["SUCCESS","FAILURE","PARTIAL"]},"data":{"type":"object","description":"response data. It may be missing in case of any error"},"errors":{"description":"error messages if any","$ref":"#/definitions/ErrorResponse"}},"title":"ApiErrorResponse"},"ApiResponse«BffResponse«List«AddressFeatureDto»»»":{"type":"object","properties":{"message":{"type":"string","description":"message for the response"},"status":{"type":"string","description":"status of response","enum":["SUCCESS","FAILURE","PARTIAL"]},"data":{"description":"response data. It may be missing in case of any error","$ref":"#/definitions/BffResponse«List«AddressFeatureDto»»"},"errors":{"description":"error messages if any","$ref":"#/definitions/ErrorResponse"}},"title":"ApiResponse«BffResponse«List«AddressFeatureDto»»»"},"ApiResponse«BffResponse«List«BillingByLevelMapTypeDTO»»»":{"type":"object","properties":{"message":{"type":"string","description":"message for the response"},"status":{"type":"string","description":"status of response","enum":["SUCCESS","FAILURE","PARTIAL"]},"data":{"description":"response data. It may be missing in case of any error","$ref":"#/definitions/BffResponse«List«BillingByLevelMapTypeDTO»»"},"errors":{"description":"error messages if any","$ref":"#/definitions/ErrorResponse"}},"title":"ApiResponse«BffResponse«List«BillingByLevelMapTypeDTO»»»"},"ApiResponse«BffResponse«List«EntityDTO»»»":{"type":"object","properties":{"message":{"type":"string","description":"message for the response"},"status":{"type":"string","description":"status of response","enum":["SUCCESS","FAILURE","PARTIAL"]},"data":{"description":"response data. It may be missing in case of any error","$ref":"#/definitions/BffResponse«List«EntityDTO»»"},"errors":{"description":"error messages if any","$ref":"#/definitions/ErrorResponse"}},"title":"ApiResponse«BffResponse«List«EntityDTO»»»"},"ApiResponse«BffResponse«List«FuelDTO»»»":{"type":"object","properties":{"message":{"type":"string","description":"message for the response"},"status":{"type":"string","description":"status of response","enum":["SUCCESS","FAILURE","PARTIAL"]},"data":{"description":"response data. It may be missing in case of any error","$ref":"#/definitions/BffResponse«List«FuelDTO»»"},"errors":{"description":"error messages if any","$ref":"#/definitions/ErrorResponse"}},"title":"ApiResponse«BffResponse«List«FuelDTO»»»"},"ApiResponse«BffResponse«List«GstTypeDTO»»»":{"type":"object","properties":{"message":{"type":"string","description":"message for the response"},"status":{"type":"string","description":"status of response","enum":["SUCCESS","FAILURE","PARTIAL"]},"data":{"description":"response data. It may be missing in case of any error","$ref":"#/definitions/BffResponse«List«GstTypeDTO»»"},"errors":{"description":"error messages if any","$ref":"#/definitions/ErrorResponse"}},"title":"ApiResponse«BffResponse«List«GstTypeDTO»»»"},"ApiResponse«BffResponse«List«HsncodeDTO»»»":{"type":"object","properties":{"message":{"type":"string","description":"message for the response"},"status":{"type":"string","description":"status of response","enum":["SUCCESS","FAILURE","PARTIAL"]},"data":{"description":"response data. It may be missing in case of any error","$ref":"#/definitions/BffResponse«List«HsncodeDTO»»"},"errors":{"description":"error messages if any","$ref":"#/definitions/ErrorResponse"}},"title":"ApiResponse«BffResponse«List«HsncodeDTO»»»"},"ApiResponse«BffResponse«List«LookUpMDMDTO»»»":{"type":"object","properties":{"message":{"type":"string","description":"message for the response"},"status":{"type":"string","description":"status of response","enum":["SUCCESS","FAILURE","PARTIAL"]},"data":{"description":"response data. It may be missing in case of any error","$ref":"#/definitions/BffResponse«List«LookUpMDMDTO»»"},"errors":{"description":"error messages if any","$ref":"#/definitions/ErrorResponse"}},"title":"ApiResponse«BffResponse«List«LookUpMDMDTO»»»"},"ApiResponse«BffResponse«List«LookUpTypeDTO»»»":{"type":"object","properties":{"message":{"type":"string","description":"message for the response"},"status":{"type":"string","description":"status of response","enum":["SUCCESS","FAILURE","PARTIAL"]},"data":{"description":"response data. It may be missing in case of any error","$ref":"#/definitions/BffResponse«List«LookUpTypeDTO»»"},"errors":{"description":"error messages if any","$ref":"#/definitions/ErrorResponse"}},"title":"ApiResponse«BffResponse«List«LookUpTypeDTO»»»"},"ApiResponse«BffResponse«List«MenuHierarchyDTO»»»":{"type":"object","properties":{"message":{"type":"string","description":"message for the response"},"status":{"type":"string","description":"status of response","enum":["SUCCESS","FAILURE","PARTIAL"]},"data":{"description":"response data. It may be missing in case of any error","$ref":"#/definitions/BffResponse«List«MenuHierarchyDTO»»"},"errors":{"description":"error messages if any","$ref":"#/definitions/ErrorResponse"}},"title":"ApiResponse«BffResponse«List«MenuHierarchyDTO»»»"},"ApiResponse«BffResponse«List«NotepadDTO»»»":{"type":"object","properties":{"message":{"type":"string","description":"message for the response"},"status":{"type":"string","description":"status of response","enum":["SUCCESS","FAILURE","PARTIAL"]},"data":{"description":"response data. It may be missing in case of any error","$ref":"#/definitions/BffResponse«List«NotepadDTO»»"},"errors":{"description":"error messages if any","$ref":"#/definitions/ErrorResponse"}},"title":"ApiResponse«BffResponse«List«NotepadDTO»»»"},"ApiResponse«BffResponse«List«ProductCategoryDTO»»»":{"type":"object","properties":{"message":{"type":"string","description":"message for the response"},"status":{"type":"string","description":"status of response","enum":["SUCCESS","FAILURE","PARTIAL"]},"data":{"description":"response data. It may be missing in case of any error","$ref":"#/definitions/BffResponse«List«ProductCategoryDTO»»"},"errors":{"description":"error messages if any","$ref":"#/definitions/ErrorResponse"}},"title":"ApiResponse«BffResponse«List«ProductCategoryDTO»»»"},"ApiResponse«BffResponse«List«ProductDTO»»»":{"type":"object","properties":{"message":{"type":"string","description":"message for the response"},"status":{"type":"string","description":"status of response","enum":["SUCCESS","FAILURE","PARTIAL"]},"data":{"description":"response data. It may be missing in case of any error","$ref":"#/definitions/BffResponse«List«ProductDTO»»"},"errors":{"description":"error messages if any","$ref":"#/definitions/ErrorResponse"}},"title":"ApiResponse«BffResponse«List«ProductDTO»»»"},"ApiResponse«BffResponse«List«SegmentDTO»»»":{"type":"object","properties":{"message":{"type":"string","description":"message for the response"},"status":{"type":"string","description":"status of response","enum":["SUCCESS","FAILURE","PARTIAL"]},"data":{"description":"response data. It may be missing in case of any error","$ref":"#/definitions/BffResponse«List«SegmentDTO»»"},"errors":{"description":"error messages if any","$ref":"#/definitions/ErrorResponse"}},"title":"ApiResponse«BffResponse«List«SegmentDTO»»»"},"ApiResponse«BffResponse«List«ServiceOfferingDTO»»»":{"type":"object","properties":{"message":{"type":"string","description":"message for the response"},"status":{"type":"string","description":"status of response","enum":["SUCCESS","FAILURE","PARTIAL"]},"data":{"description":"response data. It may be missing in case of any error","$ref":"#/definitions/BffResponse«List«ServiceOfferingDTO»»"},"errors":{"description":"error messages if any","$ref":"#/definitions/ErrorResponse"}},"title":"ApiResponse«BffResponse«List«ServiceOfferingDTO»»»"},"ApiResponse«BffResponse«List«SubSegmentDTO»»»":{"type":"object","properties":{"message":{"type":"string","description":"message for the response"},"status":{"type":"string","description":"status of response","enum":["SUCCESS","FAILURE","PARTIAL"]},"data":{"description":"response data. It may be missing in case of any error","$ref":"#/definitions/BffResponse«List«SubSegmentDTO»»"},"errors":{"description":"error messages if any","$ref":"#/definitions/ErrorResponse"}},"title":"ApiResponse«BffResponse«List«SubSegmentDTO»»»"},"ApiResponse«BffResponse«int»»":{"type":"object","properties":{"message":{"type":"string","description":"message for the response"},"status":{"type":"string","description":"status of response","enum":["SUCCESS","FAILURE","PARTIAL"]},"data":{"description":"response data. It may be missing in case of any error","$ref":"#/definitions/BffResponse«int»"},"errors":{"description":"error messages if any","$ref":"#/definitions/ErrorResponse"}},"title":"ApiResponse«BffResponse«int»»"},"ApiResponse«BffResponse«long»»":{"type":"object","properties":{"message":{"type":"string","description":"message for the response"},"status":{"type":"string","description":"status of response","enum":["SUCCESS","FAILURE","PARTIAL"]},"data":{"description":"response data. It may be missing in case of any error","$ref":"#/definitions/BffResponse«long»"},"errors":{"description":"error messages if any","$ref":"#/definitions/ErrorResponse"}},"title":"ApiResponse«BffResponse«long»»"},"BffResponse«List«AddressFeatureDto»»":{"type":"object","properties":{"referenceData":{"$ref":"#/definitions/ReferenceData"},"responseData":{"type":"array","items":{"$ref":"#/definitions/AddressFeatureDto"}}},"title":"BffResponse«List«AddressFeatureDto»»"},"BffResponse«List«BillingByLevelMapTypeDTO»»":{"type":"object","properties":{"referenceData":{"$ref":"#/definitions/ReferenceData"},"responseData":{"type":"array","items":{"$ref":"#/definitions/BillingByLevelMapTypeDTO"}}},"title":"BffResponse«List«BillingByLevelMapTypeDTO»»"},"BffResponse«List«EntityDTO»»":{"type":"object","properties":{"referenceData":{"$ref":"#/definitions/ReferenceData"},"responseData":{"type":"array","items":{"$ref":"#/definitions/EntityDTO"}}},"title":"BffResponse«List«EntityDTO»»"},"BffResponse«List«FuelDTO»»":{"type":"object","properties":{"referenceData":{"$ref":"#/definitions/ReferenceData"},"responseData":{"type":"array","items":{"$ref":"#/definitions/FuelDTO"}}},"title":"BffResponse«List«FuelDTO»»"},"BffResponse«List«GstTypeDTO»»":{"type":"object","properties":{"referenceData":{"$ref":"#/definitions/ReferenceData"},"responseData":{"type":"array","items":{"$ref":"#/definitions/GstTypeDTO"}}},"title":"BffResponse«List«GstTypeDTO»»"},"BffResponse«List«HsncodeDTO»»":{"type":"object","properties":{"referenceData":{"$ref":"#/definitions/ReferenceData"},"responseData":{"type":"array","items":{"$ref":"#/definitions/HsncodeDTO"}}},"title":"BffResponse«List«HsncodeDTO»»"},"BffResponse«List«LookUpMDMDTO»»":{"type":"object","properties":{"referenceData":{"$ref":"#/definitions/ReferenceData"},"responseData":{"type":"array","items":{"$ref":"#/definitions/LookUpMDMDTO"}}},"title":"BffResponse«List«LookUpMDMDTO»»"},"BffResponse«List«LookUpTypeDTO»»":{"type":"object","properties":{"referenceData":{"$ref":"#/definitions/ReferenceData"},"responseData":{"type":"array","items":{"$ref":"#/definitions/LookUpTypeDTO"}}},"title":"BffResponse«List«LookUpTypeDTO»»"},"BffResponse«List«MenuHierarchyDTO»»":{"type":"object","properties":{"referenceData":{"$ref":"#/definitions/ReferenceData"},"responseData":{"type":"array","items":{"$ref":"#/definitions/MenuHierarchyDTO"}}},"title":"BffResponse«List«MenuHierarchyDTO»»"},"BffResponse«List«NotepadDTO»»":{"type":"object","properties":{"referenceData":{"$ref":"#/definitions/ReferenceData"},"responseData":{"type":"array","items":{"$ref":"#/definitions/NotepadDTO"}}},"title":"BffResponse«List«NotepadDTO»»"},"BffResponse«List«ProductCategoryDTO»»":{"type":"object","properties":{"referenceData":{"$ref":"#/definitions/ReferenceData"},"responseData":{"type":"array","items":{"$ref":"#/definitions/ProductCategoryDTO"}}},"title":"BffResponse«List«ProductCategoryDTO»»"},"BffResponse«List«ProductDTO»»":{"type":"object","properties":{"referenceData":{"$ref":"#/definitions/ReferenceData"},"responseData":{"type":"array","items":{"$ref":"#/definitions/ProductDTO"}}},"title":"BffResponse«List«ProductDTO»»"},"BffResponse«List«SegmentDTO»»":{"type":"object","properties":{"referenceData":{"$ref":"#/definitions/ReferenceData"},"responseData":{"type":"array","items":{"$ref":"#/definitions/SegmentDTO"}}},"title":"BffResponse«List«SegmentDTO»»"},"BffResponse«List«ServiceOfferingDTO»»":{"type":"object","properties":{"referenceData":{"$ref":"#/definitions/ReferenceData"},"responseData":{"type":"array","items":{"$ref":"#/definitions/ServiceOfferingDTO"}}},"title":"BffResponse«List«ServiceOfferingDTO»»"},"BffResponse«List«SubSegmentDTO»»":{"type":"object","properties":{"referenceData":{"$ref":"#/definitions/ReferenceData"},"responseData":{"type":"array","items":{"$ref":"#/definitions/SubSegmentDTO"}}},"title":"BffResponse«List«SubSegmentDTO»»"},"BffResponse«int»":{"type":"object","properties":{"referenceData":{"$ref":"#/definitions/ReferenceData"},"responseData":{"type":"integer","format":"int32"}},"title":"BffResponse«int»"},"BffResponse«long»":{"type":"object","properties":{"referenceData":{"$ref":"#/definitions/ReferenceData"},"responseData":{"type":"integer","format":"int64"}},"title":"BffResponse«long»"},"BillingByLevelMapTypeDTO":{"type":"object","properties":{"descr":{"type":"string"},"effectiveDt":{"type":"string","format":"date-time"},"expDt":{"type":"string","format":"date-time"},"id":{"type":"integer","format":"int32"},"lkpBillingById":{"type":"integer","format":"int32"},"lkpBillingLevelId":{"type":"integer","format":"int32"},"propelRefId":{"type":"integer","format":"int64"},"status":{"type":"integer","format":"int32"}},"title":"BillingByLevelMapTypeDTO"},"EntityDTO":{"type":"object","properties":{"createdBy":{"type":"string"},"description":{"type":"string"},"effectiveDate":{"$ref":"#/definitions/Timestamp"},"entityId":{"type":"integer","format":"int32"},"entityName":{"type":"string"},"expiryDate":{"$ref":"#/definitions/Timestamp"},"iSAddOrRemoveOrUpdate":{"type":"string"},"parentModuleId":{"type":"integer","format":"int32"},"status":{"type":"integer","format":"int32"},"updatedBy":{"type":"string"}},"title":"EntityDTO"},"Error":{"type":"object","properties":{"code":{"type":"string"},"description":{"type":"string"}},"title":"Error"},"ErrorResponse":{"type":"object","properties":{"error":{"type":"array","items":{"$ref":"#/definitions/Error"}}},"title":"ErrorResponse"},"FuelDTO":{"type":"object","properties":{"assocFuelbasePrice":{"type":"integer","format":"int32"},"desc":{"type":"string"},"effectiveDt":{"type":"string","format":"date-time"},"entityId":{"type":"integer","format":"int32"},"expDt":{"type":"string","format":"date-time"},"fuelbaseDt":{"type":"string","format":"date-time"},"fuelbasePrice":{"type":"number"},"id":{"type":"integer","format":"int32"},"lkpFuelIndexId":{"type":"integer","format":"int32"},"lkpFuelTypeId":{"type":"integer","format":"int32"},"status":{"type":"integer","format":"int32"}},"title":"FuelDTO"},"GstTypeDTO":{"type":"object","properties":{"descr":{"type":"string"},"effectiveDt":{"type":"string","format":"date-time"},"expDt":{"type":"string","format":"date-time"},"gstType":{"type":"string"},"gstVal":{"type":"number"},"id":{"type":"integer","format":"int32"},"propelRefId":{"type":"integer","format":"int64"},"status":{"type":"integer","format":"int32"}},"title":"GstTypeDTO"},"HsncodeDTO":{"type":"object","properties":{"descr":{"type":"string"},"effectiveDt":{"type":"string","format":"date-time"},"expDt":{"type":"string","format":"date-time"},"hsncode":{"type":"string"},"id":{"type":"integer","format":"int32"},"productCategoryList":{"type":"array","items":{"$ref":"#/definitions/ProductCategoryDTO"}},"status":{"type":"integer","format":"int32"},"wayblExempt":{"type":"string"}},"title":"HsncodeDTO"},"LineOfBusinessDTO":{"type":"object","properties":{"lobId":{"type":"integer","format":"int32"},"status":{"type":"integer","format":"int32"}},"title":"LineOfBusinessDTO"},"LookUpMDMDTO":{"type":"object","properties":{"desc":{"type":"string"},"effectiveDt":{"type":"string","format":"date-time"},"expDt":{"type":"string","format":"date-time"},"id":{"type":"integer","format":"int32"},"lookupTypeId":{"type":"integer","format":"int32"},"lookupVal":{"type":"string"},"status":{"type":"integer","format":"int32"}},"title":"LookUpMDMDTO"},"LookUpTypeDTO":{"type":"object","properties":{"id":{"type":"integer","format":"int32"},"lookupType":{"type":"string"},"status":{"type":"integer","format":"int32"}},"title":"LookUpTypeDTO"},"MenuHierarchyDTO":{"type":"object","properties":{"id":{"type":"integer","format":"int64"},"menuFullId":{"type":"string"},"menuLabel":{"type":"string"},"menuLevel":{"type":"integer","format":"int64"}},"title":"MenuHierarchyDTO"},"NotepadDTO":{"type":"object","properties":{"attributeIdentifier":{"type":"string"},"attributeTypeId":{"type":"integer","format":"int64"},"attributeValue":{"type":"string"},"description":{"type":"string"},"effectiveDate":{"type":"string","format":"date-time"},"expiryDate":{"type":"string","format":"date-time"},"id":{"type":"integer","format":"int64"},"moduleEntityMapId":{"type":"integer","format":"int64"},"notepadName":{"type":"string"},"notepadOrder":{"type":"integer","format":"int32"},"status":{"type":"integer","format":"int32"}},"title":"NotepadDTO"},"ProductCategoryDTO":{"type":"object","properties":{"desc":{"type":"string"},"effectiveDt":{"type":"string","format":"date-time"},"expDt":{"type":"string","format":"date-time"},"hsncodeDto":{"$ref":"#/definitions/HsncodeDTO"},"id":{"type":"integer","format":"int32"},"lobDtoList":{"type":"array","items":{"$ref":"#/definitions/LineOfBusinessDTO"}},"prdctCtgy":{"type":"string"},"status":{"type":"integer","format":"int32"}},"title":"ProductCategoryDTO"},"ProductDTO":{"type":"object","properties":{"descr":{"type":"string"},"effectiveDt":{"type":"string","format":"date-time"},"expDt":{"type":"string","format":"date-time"},"id":{"type":"integer","format":"int32"},"prdctCode":{"type":"string"},"prdctCtgyId":{"type":"integer","format":"int32"},"prdctName":{"type":"string"},"propelRefId":{"type":"integer","format":"int64"},"status":{"type":"integer","format":"int32"}},"title":"ProductDTO"},"ReferenceData":{"type":"object","title":"ReferenceData"},"SegmentDTO":{"type":"object","properties":{"desc":{"type":"string"},"effectiveDt":{"type":"string","format":"date-time"},"expDt":{"type":"string","format":"date-time"},"id":{"type":"integer","format":"int32"},"segmentName":{"type":"string"},"status":{"type":"integer","format":"int32"}},"title":"SegmentDTO"},"ServiceOfferingDTO":{"type":"object","properties":{"desc":{"type":"string"},"effectiveDt":{"type":"string","format":"date-time"},"expDt":{"type":"string","format":"date-time"},"id":{"type":"integer","format":"int32"},"lkpServiceLineId":{"type":"integer","format":"int64"},"propelRefId":{"type":"integer","format":"int64"},"serviceOffering":{"type":"string"},"status":{"type":"integer","format":"int32"}},"title":"ServiceOfferingDTO"},"SubSegmentDTO":{"type":"object","properties":{"desc":{"type":"string"},"effectiveDt":{"type":"string","format":"date-time"},"expDt":{"type":"string","format":"date-time"},"id":{"type":"integer","format":"int32"},"segmentId":{"type":"integer","format":"int32"},"status":{"type":"integer","format":"int32"},"subsegmentName":{"type":"string"}},"title":"SubSegmentDTO"},"Timestamp":{"type":"object","properties":{"date":{"type":"integer","format":"int32"},"day":{"type":"integer","format":"int32"},"hours":{"type":"integer","format":"int32"},"minutes":{"type":"integer","format":"int32"},"month":{"type":"integer","format":"int32"},"nanos":{"type":"integer","format":"int32"},"seconds":{"type":"integer","format":"int32"},"time":{"type":"integer","format":"int64"},"timezoneOffset":{"type":"integer","format":"int32"},"year":{"type":"integer","format":"int32"}},"title":"Timestamp"}}}