{
    "message": "string",
    "status": "SUCCESS",
    "data": {
        "referenceData": {},
        "responseData": [
            {
                "createdBy": "string",
                "description": "string",
                "effectiveDate": {
                    "date": 0,
                    "day": 0,
                    "hours": 0,
                    "minutes": 0,
                    "month": 0,
                    "nanos": 0,
                    "seconds": 0,
                    "time": 0,
                    "timezoneOffset": 0,
                    "year": 0
                },
                "entityId": 0,
                "entityName": "string",
                "expiryDate": {
                    "date": 0,
                    "day": 0,
                    "hours": 0,
                    "minutes": 0,
                    "month": 0,
                    "nanos": 0,
                    "seconds": 0,
                    "time": 0,
                    "timezoneOffset": 0,
                    "year": 0
                },
                "iSAddOrRemoveOrUpdate": "string",
                "parentModuleId": 0,
                "status": 0,
                "updatedBy": "string"
            }
        ]
    },
    "errors": {
        "respCode": "string",
        "message": "string",
        "error": [
            {
                "code": "string",
                "description": "string"
            }
        ]
    }
}