{
    "message": "string",
    "status": "SUCCESS",
    "data": [
        {
            "countryId": 1,
            "descr": "Orga Desc",
            "id": 1,
            "isUpdatedOrRemoved": "string",
            "orgLobMap": [
                {
                    "descr": "string",
                    "id": 0,
                    "lkpLobId": 0,
                    "status": 0
                }
            ],
            "orgName": "Organization 1",
            "status": 0
        },
        {
            "countryId": 1,
            "descr": "Orga Desc",
            "id": 2,
            "isUpdatedOrRemoved": "string",
            "orgLobMap": [
                {
                    "descr": "string",
                    "id": 0,
                    "lkpLobId": 0,
                    "status": 0
                }
            ],
            "orgName": "Organization 2",
            "status": 0
        },
        {
            "countryId": 0,
            "descr": "Orga Desc",
            "id": 3,
            "isUpdatedOrRemoved": "string",
            "orgLobMap": [
                {
                    "descr": "string",
                    "id": 0,
                    "lkpLobId": 0,
                    "status": 0
                }
            ],
            "orgName": "Organization 3",
            "status": 0
        }
    ]
}