{
    "data": [
        {
            "id": 0,
            "name": "Zone 1",
            "price": 0,
            "sla": 0,
            "status": 1,
            "zmLzMapId": 1
        },
        {
            "id": 2,
            "name": "Zone 2",
            "price": 0,
            "sla": 0,
            "status": 1,
            "zmLzMapId": 2
        },
        {
            "id": 3,
            "name": "Zone 3",
            "price": 0,
            "sla": 0,
            "status": 1,
            "zmLzMapId": 3
        }
    ],
    "status": "SUCCESS"
}